subCountyCode,subCountyName,countyCode
006-028-01,BUHANIKA,006-028
006-028-02,BUSERUKA,006-028
006-028-03,BULINDI TOWN COUNCIL,006-028
006-028-07,KITOBA,006-028
006-028-08,KYABIGAMBIRE,006-028
006-028-09,KABAALE,006-028
006-028-10,BURARU,006-028
006-264-01,KAPAAPI,006-264
006-264-02,BOMBO,006-264
006-264-03,KISUKUMA,006-264
006-264-04,KIGANJA,006-264
006-264-05,KIGOROBYA,006-264
006-264-06,KIGOROBYA TOWN COUNCIL,006-264
006-264-07,KIJONGO,006-264
113-082-01,NYABUTANZI,113-082
113-082-02,KAGADI,113-082
113-082-03,KIRYANGA,113-082
113-082-04,KYANAISOKE,113-082
113-082-05,MABAALE,113-082
113-082-06,ISUNGA,113-082
113-082-07,KAMUROZA,113-082
113-082-08,KINYARUGONJO,113-082
113-082-09,KAGADI TOWN COUNCIL,113-082
113-082-10,KICUCURA,113-082
113-082-11,KABAMBA,113-082
113-082-13,KYENZIGE,113-082
113-082-14,KYENZIGE TOWN COUNCIL,113-082
113-082-15,PACHWA,113-082
113-082-16,PACHWA TOWN COUNCIL,113-082
113-082-17,MABAALE TOWN COUNCIL,113-082
113-220-01,BWIKARA,113-220
113-220-02,KYAKABADIIMA,113-220
113-220-03,MUHORRO TOWN COUNCIL,113-220
113-220-04,GALIBOLEKA,113-220
113-220-05,MAIRIRWE,113-220
113-220-06,MPEEFU,113-220
113-220-07,MUHORRO,113-220
113-220-08,RUGASHARI,113-220
113-220-09,NYAKARONGO,113-220
113-220-10,BURORA,113-220
113-220-11,MPEEFU YA SANDE TOWN,113-220
113-220-12,KYATEREKERA,113-220
113-220-13,KYATEREKERA TOWN,113-220
113-220-14,NDAIGA,113-220
113-220-15,KANYABEEBE,113-220
113-220-16,RUTEETE,113-220
113-220-17,BUHUMULIRO,113-220
113-220-18,RUTEETE TOWN COUNCIL,113-220
113-220-19,RUGASHARI TOWN COUNCIL,113-220
114-081-02,KAKINDO,114-081
114-081-05,NALWEYO,114-081
114-081-08,KITAIHUKA,114-081
114-081-09,KIKWAYA,114-081
114-081-10,KIJANGI,114-081
114-081-13,KAKINDO TOWN COUNCIL,114-081
114-081-14,KIKOORA,114-081
114-081-15,NYARWEYO TOWN COUNCIL,114-081
114-219-01,KATIKARA,114-219
114-219-02,KISIITA TOWN COUNCIL,114-219
114-219-03,KIBIJJO,114-219
114-219-04,KISIITA,114-219
114-219-05,MWITANZIGE,114-219
114-219-06,NKOOKO,114-219
114-219-07,NKOOKO TOWN COUNCIL,114-219
114-219-08,MPASAANA,114-219
114-219-09,MPASAANA TOWN COUNCIL,114-219
114-307-01,BWANSWA,114-307
114-307-03,KASAMBYA,114-307
114-307-04,KAKUMIRO TOWN COUNCIL,114-307
114-307-06,IGAYAZA TOWN COUNCIL,114-307
114-307-07,BIREMBO,114-307
114-307-11,KISENGWE,114-307
114-307-12,KYABASAIJA,114-307
126-029-03,KABWOYA,126-029
126-029-04,KIZIRANFUMBI,126-029
126-029-05,KYANGWALI,126-029
126-029-07,KIKUUBE TOWN COUNCIL,126-029
126-344-01,BUGAMBE,126-344
126-344-02,BUHIMBA,126-344
126-344-06,BUHIMBA TOWN COUNCIL,126-344
145-227-01,HOIMA EAST DIVISION,145-227
145-350-01,HOIMA WEST DIVISION,145-350
016-083-01,BWAMIRAMIRA,016-083
016-083-02,KIBAALE TOWN COUNCIL,016-083
016-083-05,MUGARAMA,016-083
016-083-06,BUBANGO,016-083
016-083-08,NYAMARUNDA,016-083
016-083-09,KABASEKENDE,016-083
016-083-13,KYAKAZIHIRE,016-083
016-083-14,NYAMARUNDA TOWN,016-083
016-308-03,KYEBANDO,016-308
016-308-04,MATALE,016-308
016-308-07,NYAMARWA,016-308
016-308-10,KASIMBI,016-308
016-308-11,KARAMA,016-308
016-308-12,KAYANJA,016-308
025-122-01,BUDONGO,025-122
025-122-02,BWIJANGA,025-122
025-122-03,KABANGO TOWN COUNCIL,025-122
025-122-04,BULIMA TOWN COUNCIL,025-122
025-122-05,BIKONZI,025-122
025-122-06,NYANTONZI,025-122
025-124-01,KYATIRI TOWN COUNCIL,025-124
025-124-02,KIMENGO,025-124
025-124-03,LABONGO,025-124
025-124-04,MIIRYA,025-124
025-124-05,KIRULI,025-124
025-124-06,PAKANYI,025-124
025-124-07,KIJUNJUBWA,025-124
025-124-08,KIJUNJUBWA TOWN COUNCIL,025-124
025-230-01,KARUJUBU DIVISION,025-230
025-230-02,NYANGAHYA DIVISION,025-230
025-230-03,CENTRAL DIVISION,025-230
025-230-04,KIGULYA DIVISION,025-230
073-123-01,BIISO,073-123
073-123-02,BULIISA,073-123
073-123-03,BULIISA TOWN COUNCIL,073-123
073-123-04,BUTIABA,073-123
073-123-05,KIGWERA,073-123
073-123-06,KIHUNGYA,073-123
073-123-07,NGWEDO,073-123
073-123-08,BIISO TOWN COUNCIL,073-123
073-123-09,BUTIABA TOWN COUNCIL,073-123
073-123-10,WANSEKO TOWN COUNCIL,073-123
092-125-01,KIGUMBA,092-125
092-125-02,MBOIRA,092-125
092-125-03,MASINDI PORT,092-125
092-125-05,KIGUMBA TOWN COUNCIL,092-125
092-263-01,KARUMA TOWN COUNCIL,092-263
092-263-02,KIRYANDONGO,092-263
092-263-03,DIIMA,092-263
092-263-04,MUTUNDA,092-263
092-263-05,KICHWABUGINGO,092-263
092-263-06,BWEYALE TOWN COUNCIL,092-263
092-263-07,KIRYANDONGO TOWN,092-263
092-263-08,KYANKENDE,092-263
092-263-09,NYAMAHASA,092-263
017-084-01,BUKOMERO,017-084
017-084-02,DDWANIRO,017-084
017-084-06,LWAMATA,017-084
017-084-07,MUWANGA,017-084
017-084-08,BUKOMERO TOWN COUNCIL,017-084
017-084-09,LWAMATA TOWN COUNCIL,017-084
017-084-12,KYOMYA,017-084
017-084-13,NAKASOZI,017-084
017-309-03,KAPEKE,017-309
017-309-04,KIBIGA,017-309
017-309-05,KIBOGA TOWN COUNCIL,017-309
017-309-10,KAYERA,017-309
017-309-11,KYEKUMBYA,017-309
017-309-14,NKANDWA,017-309
023-107-01,BUTUNTUMULA,023-107
023-107-02,KATIKAMU,023-107
023-107-03,LUWERO,023-107
023-107-04,LUWEERO TOWN COUNCIL,023-107
023-108-01,BOMBO TOWN COUNCIL,023-108
023-108-02,KATIKAMU,023-108
023-108-03,MAKULUBITA,023-108
023-108-04,NYIMBWA,023-108
023-108-05,WOBULENZI TOWN COUNCIL,023-108
023-108-06,NDEJJE TOWN COUNCIL,023-108
023-110-01,BAMUNANIKA,023-110
023-110-02,KALAGALA,023-110
023-110-03,KAMIRA,023-110
023-110-04,KIKYUSA,023-110
023-110-05,ZIROBWE,023-110
023-110-06,BUSIIKA TOWN COUNCIL,023-110
023-110-07,KAMIRA TOWN COUNCIL,023-110
023-110-08,KIKYUSA TOWN COUNCIL,023-110
023-110-09,ZIROBWE TOWN COUNCIL,023-110
044-106-01,KAKOOGE,044-106
044-106-02,KALUNGI,044-106
044-106-03,KAKOOGE TOWN COUNCIL,044-106
044-106-04,MAYIRIKITI TOWN COUNCIL,044-106
044-106-05,WABINYONYI,044-106
044-106-06,NAKASONGOLA TOWN,044-106
044-106-07,KALONGO,044-106
044-106-08,KATUUGO TOWN COUNCIL,044-106
044-106-09,KAZWAMA TOWN COUNCIL,044-106
044-218-01,MIGEERA TOWN COUNCIL,044-218
044-218-03,LWAMPANGA,044-218
044-218-04,NABISWERA,044-218
044-218-05,LWAMPANGA TOWN COUNCIL,044-218
044-218-08,LWABIYATA,044-218
044-218-09,NAKITOMA,044-218
047-171-01,BBAALE,047-171
047-171-02,GALIRAYA,047-171
047-171-03,KAYONZA,047-171
047-171-04,KITIMBWA,047-171
047-171-05,KITIMBWA TOWN COUNCIL,047-171
047-179-01,BUSAANA,047-179
047-179-02,KAYUNGA,047-179
047-179-03,KAYUNGA TOWN COUNCIL,047-179
047-179-04,BUSAANA TOWN COUNCIL,047-179
047-180-01,KANGULUMIRA,047-180
047-180-02,NAZIGO,047-180
047-180-03,KANGULUMIRA TOWN,047-180
047-180-04,NAZIGO TOWN COUNCIL,047-180
069-109-01,KASANGOMBE,069-109
069-109-02,KAPEEKA,069-109
069-109-04,NAKASEKE,069-109
069-109-06,SEMUTO,069-109
069-109-10,NAKASEKE TOWN COUNCIL,069-109
069-109-11,SEMUTO TOWN COUNCIL,069-109
069-223-05,NGOMA,069-223
069-223-08,KINYOGOGA,069-223
069-223-13,NGOMA TOWN COUNCIL,069-223
069-223-14,KINONI,069-223
069-315-03,KIKAMULO,069-315
069-315-07,WAKYATO,069-315
069-315-09,NAKASEKE BUTALANGU,069-315
069-315-12,KIWOKO TOWN COUNCIL,069-315
069-315-15,KITO,069-315
093-085-01,MASODDE-KALAGI TOWN,093-085
093-085-02,GAYAZA,093-085
093-085-03,WATTUBA TOWN COUNCIL,093-085
093-085-04,MULAGI,093-085
093-085-05,KIRYANNONGO,093-085
093-085-06,NTWETWE,093-085
093-085-07,WATTUBA,093-085
093-085-08,NTWETWE TOWN COUNCIL,093-085
093-085-09,KISALA,093-085
093-085-10,MUWANGI,093-085
093-085-11,NKANDWA,093-085
093-248-01,BUTEMBA,093-248
093-248-02,BYERIMA,093-248
093-248-03,KYANKWANZI,093-248
093-248-04,KYANKWANZI TOWN COUNCIL,093-248
093-248-05,NSAMBYA,093-248
093-248-06,BANDA,093-248
093-248-07,KIGANDO,093-248
093-248-09,BUTEMBA TOWN COUNCIL,093-248
093-248-10,BANANYWA,093-248
093-248-11,NTUNDA TOWN COUNCIL,093-248
100-117-01,BUKULULA,100-117
100-117-02,LWABENGE,100-117
100-117-03,LUKAYA TOWN COUNCIL,100-117
100-118-01,KALUNGU,100-118
100-118-02,KYAMULIBWA,100-118
100-118-03,KALUNGU TOWN COUNCIL,100-118
100-118-04,KYAMULIBWA TOWN COUNCIL,100-118
105-112-01,LWENGO,105-112
105-112-02,NDAGWE,105-112
105-112-03,LWENGO TOWN COUNCIL,105-112
105-113-01,KYAZANGA,105-113
105-113-02,MALONGO,105-113
105-113-03,KYAZANGA TOWN COUNCIL,105-113
105-113-04,KATOVU TOWN COUNCIL,105-113
105-115-01,KINGO,105-115
105-115-02,KISEKKA,105-115
105-115-03,KINONI TOWN COUNCIL,105-115
011-059-01,BUJUMBA,011-059
011-059-02,KALANGALA TOWN COUNCIL,011-059
011-059-03,MUGOYE,011-059
011-060-01,BUFUMIRA,011-060
011-060-02,BUBEKE,011-060
011-060-03,KYAMUSWA,011-060
011-060-04,MAZINGA,011-060
119-192-01,KAKUUTO,119-192
119-192-02,KASASA,119-192
119-192-03,KASENSERO TOWN COUNCIL,119-192
119-192-04,MUTUKULA TOWN COUNCIL,119-192
119-192-05,KYEBE,119-192
119-192-06,NANGOMA,119-192
119-194-01,KABIRA,119-194
119-194-02,KALISIZO,119-194
119-194-03,KASAALI TOWN COUNCIL,119-194
119-194-04,KIRUMBA,119-194
119-194-05,KYOTERA TOWN COUNCIL,119-194
119-194-06,LWANKONI,119-194
119-194-07,NABIGASA,119-194
119-194-08,KALISIZO TOWN COUNCIL,119-194
125-167-01,KAMULI,125-167
125-167-02,KASSANDA,125-167
125-167-03,KALWANA,125-167
125-167-04,KASSANDA TOWN COUNCIL,125-167
125-168-01,KIGANDA,125-168
125-168-02,MYANZI,125-168
125-168-03,MANYOGASEKA,125-168
125-168-04,NALUTUNTU,125-168
125-168-05,KIGANDA TOWN COUNCIL,125-168
125-246-01,BUKUYA,125-246
125-246-02,BUKUYA TOWN COUNCIL,125-246
125-246-03,KIJJUNA,125-246
125-246-04,KITUMBI,125-246
125-246-05,MAKOKOTO,125-246
125-246-06,MBIRIZI,125-246
141-121-01,KIMAANYA-KABONERA,141-121
141-301-01,NYENDO-MUKUNGWE,141-301
024-114-01,BUKAKATA,024-114
024-114-02,BUWUNGA,024-114
024-116-02,KYANAMUKAKA,024-116
024-116-03,KYESIIGA,024-116
030-162-01,KAMMENGO,030-162
030-162-02,KIRINGENTE,030-162
030-162-04,MPIGI TOWN COUNCIL,030-162
030-162-05,MUDUMA,030-162
030-163-01,BUWAMA,030-163
030-163-02,KITUNTU,030-163
030-163-03,NKOZI,030-163
030-163-04,BUWAMA TOWN COUNCIL,030-163
030-163-05,KAYABWE TOWN COUNCIL,030-163
031-166-01,KIRUUMA,031-166
031-166-02,BUTOLOOGO,031-166
031-166-05,KIYUUNI,031-166
031-166-06,MADUDU,031-166
031-221-01,BAGEZZA,031-221
031-221-02,KIBALINGA,031-221
031-221-03,KASAMBYA,031-221
031-221-04,LUBIMBIRI,031-221
031-221-08,KIGANDO,031-221
031-221-09,NABINGOOLA,031-221
031-221-10,KASAMBYA TOWN COUNCIL,031-221
031-221-11,NABINGOOLA TOWN COUNCIL,031-221
031-290-01,EAST DIVISION,031-290
031-290-02,SOUTH DIVISION,031-290
031-290-03,WEST DIVISION,031-290
031-313-03,KALONGA,031-313
031-313-04,KITENGA,031-313
031-313-05,KYENDA TOWN COUNCIL,031-313
031-313-07,KAYEBE,031-313
036-193-01,BYAKABANDA,036-193
036-193-02,DYANGO TOWN COUNCIL,036-193
036-193-03,KIBAALE TOWN COUNCIL,036-193
036-193-04,MWERUKA TOWN COUNCIL,036-193
036-193-05,KYALULANGIRA,036-193
036-193-06,NTANTAMUKI TOWN COUNCIL,036-193
036-193-07,LWANDA,036-193
036-193-08,RAKAI TOWN COUNCIL,036-193
036-193-09,KIZIBA,036-193
036-193-10,KIBANDA,036-193
036-193-11,KIFAMBA,036-193
036-193-12,KIZIBA TOWN COUNCIL,036-193
036-249-01,KASANKALA,036-249
036-249-02,DDWANIRO,036-249
036-249-03,KACHEERA,036-249
036-249-04,KAGAMBA,036-249
036-249-05,LWAMAGGWA TOWN,036-249
036-249-06,LWAMAGGWA,036-249
036-249-07,LWENTULEGE TOWN,036-249
045-119-01,LWEMIYAGA,045-119
045-119-02,BULONGO,045-119
045-119-03,KYEERA,045-119
045-119-04,NABITANGA,045-119
045-119-05,NTUUSI TOWN COUNCIL,045-119
045-120-03,MATEETE,045-120
045-120-06,MATEETE TOWN COUNCIL,045-120
045-120-09,MITETE,045-120
045-273-01,LUGUSULU,045-273
045-273-02,KAWANDA,045-273
045-273-03,MABINDO,045-273
045-273-04,MIJWALA,045-273
045-273-05,SSEMBABULE TOWN COUNCIL,045-273
045-273-06,MITIMA,045-273
045-322-02,LWEBITAKULI,045-322
045-322-08,KATWE,045-322
045-322-10,NAKASENYI,045-322
068-165-01,BUTAYUNJA,068-165
068-165-02,KAKINDU,068-165
068-165-03,MAANYI,068-165
068-165-04,MALANGALA,068-165
068-165-05,BBANDA,068-165
068-165-06,BBANDA TOWN COUNCIL,068-165
068-165-07,ZIGOTI TOWN COUNCIL,068-165
068-169-01,BULERA,068-169
068-169-02,KIKANDWA,068-169
068-169-03,KALANGAALO,068-169
068-170-03,SSEKANYONYI,068-170
068-170-04,NAMUNGO,068-170
068-170-05,SSEKANYONYI TOWN,068-170
068-170-10,BUSUNJU TOWN COUNCIL,068-170
068-289-01,BUSIMBI DIVISION,068-289
068-289-02,CENTRAL DIVISION,068-289
068-289-03,TTAMU DIVISION,068-289
080-191-01,KALIIRO,080-191
080-191-02,KASAGAMA,080-191
080-191-03,KINUUKA,080-191
080-191-04,LYANTONDE,080-191
080-191-05,LYANTONDE TOWN COUNCIL,080-191
080-191-06,MPUMUDDE,080-191
080-191-07,LYAKAJURA,080-191
080-191-08,KALIIRO TOWN COUNCIL,080-191
091-158-01,TTABA-BBINZI,091-158
091-158-02,KYEGONZA,091-158
091-158-04,MPENJA,091-158
091-158-05,KANONI TOWN COUNCIL,091-158
091-254-01,KABULASOKE,091-254
091-254-02,KIFAMPA,091-254
091-254-03,MADDU,091-254
091-254-04,KYAYI,091-254
091-254-05,MADDU TOWN COUNCIL,091-254
098-111-01,BIGASA,098-111
098-111-02,BUKANGO,098-111
098-111-03,KIGANGAZZI TOWN COUNCIL,098-111
098-111-04,KITANDA,098-111
098-111-05,BUKOMANSIMBI TOWN,098-111
098-111-06,KAGOLOGOLO TOWN,098-111
098-244-01,BUTENGA TOWN COUNCIL,098-244
098-244-02,BUTENGA,098-244
098-244-03,KIBINGE,098-244
099-157-01,BUDDE,099-157
099-157-02,BULO,099-157
099-157-03,KALAMBA,099-157
099-157-04,KIBIBI TOWN COUNCIL,099-157
099-157-05,NGANDO,099-157
099-157-06,GOMBE TOWN COUNCIL,099-157
099-157-07,KALAMBA TOWN COUNCIL,099-157
108-098-02,KOBWIN,108-098
108-098-04,NGORA,108-098
108-098-05,NGORA TOWN COUNCIL,108-098
108-098-07,OPOT TOWN COUNCIL,108-098
108-098-09,ATOOT,108-098
108-098-11,ODWARAT,108-098
108-318-01,KAPIR,108-318
108-318-03,MUKURA,108-318
108-318-06,MUKURA TOWN COUNCIL,108-318
108-318-08,AGIRIGIROI,108-318
108-318-10,MORUKAKISE,108-318
124-202-01,ACOWA,124-202
124-202-02,KAPELEBYONG,124-202
124-202-03,OBALANGA,124-202
124-202-04,AKOROMIT,124-202
124-202-05,OKUNGUR,124-202
124-202-06,ACINGA,124-202
124-202-07,ALITO,124-202
124-202-08,ACOWA TOWN COUNCIL,124-202
124-202-09,AKORE TOWN COUNCIL,124-202
124-202-10,OBALANGA TOWN COUNCIL,124-202
124-202-11,KAPELEBYOUNG TOWN,124-202
129-201-01,ANYARA,129-201
129-201-02,BULULU,129-201
129-201-03,KALAKI,129-201
129-201-04,OTUBOI,129-201
129-201-05,APAPAI,129-201
129-201-06,KAKURE,129-201
129-201-07,OTUBOI TOWN COUNCIL,129-201
129-201-08,OCELAKUR,129-201
129-201-09,OGWOLO,129-201
129-201-10,KALAKI TOWN COUNCIL,129-201
146-207-01,SOROTI EAST DIVISION,146-207
146-351-01,SOROTI WEST DIVISION,146-351
021-097-01,ATUTUR,021-097
021-097-02,KANAPA,021-097
021-097-03,KUMI,021-097
021-097-04,OGOOMA,021-097
021-097-05,TISAI,021-097
021-097-06,NYERO,021-097
021-097-07,ONGINO,021-097
021-097-08,ONGINO TOWN COUNCIL,021-097
021-097-09,NYERO TOWN COUNCIL,021-097
021-258-01,KADAMI,021-258
021-258-02,KANYUM,021-258
021-258-03,KAKURES,021-258
021-258-04,KAMACA,021-258
021-258-05,MUKONGORO,021-258
021-258-06,MUKONGORO TOWN COUNCIL,021-258
021-258-07,KANYUM TOWN COUNCIL,021-258
021-288-01,NORTH DIVISION,021-288
021-288-02,SOUTH DIVISION,021-288
038-205-02,ASURET,038-205
038-205-04,KAMUDA,038-205
038-205-07,LALLE,038-205
038-205-08,OCOKICAN,038-205
038-251-01,ARAPAI,038-251
038-251-02,OCULOI,038-251
038-251-04,TUBUR TOWN COUNCIL,038-251
038-251-05,KATINE,038-251
038-251-07,TUBUR,038-251
038-330-01,AUKOT,038-330
038-330-03,GWERI,038-330
038-330-05,AWALIWAL,038-330
043-206-06,GUYAGUYA,043-206
043-206-07,USUK,043-206
043-206-09,ONGONGOJA,043-206
043-206-11,OKULONYO,043-206
043-206-12,USUK TOWN COUNCIL,043-206
043-224-01,KAPUJAN,043-224
043-224-02,AMUSIA,043-224
043-224-03,ANGODINGOD,043-224
043-224-04,MAGORO,043-224
043-224-05,MAGORO TOWN COUNCIL,043-224
043-224-06,TOROMA,043-224
043-224-07,TOROMA TOWN COUNCIL,043-224
043-224-08,OMODOI,043-224
043-317-01,AKOBOI,043-317
043-317-02,KATAKWI,043-317
043-317-03,KATAKWI TOWN COUNCIL,043-317
043-317-04,GETOM,043-317
043-317-05,NGARIAM,043-317
043-317-08,OKORE,043-317
043-317-10,PALAM,043-317
054-200-01,ALWA,054-200
054-200-02,KABERAMAIDO,054-200
054-200-05,KABERAMAIDO TOWN,054-200
054-200-06,APERIKIRA,054-200
054-200-09,ORIAMO,054-200
054-327-03,KOBULUBULU,054-327
054-327-04,OCHERO,054-327
054-327-07,OCHERO TOWN COUNCIL,054-327
054-327-08,OKILE,054-327
058-199-01,ABARILELA,058-199
058-199-02,ASAMUK,058-199
058-199-03,KUJU,058-199
058-199-04,ABIA,058-199
058-199-05,WERA,058-199
058-199-06,AMOLO,058-199
058-199-07,AMURIA TOWN COUNCIL,058-199
058-199-08,ASAMUK TOWN COUNCIL,058-199
058-199-09,APEDURU,058-199
058-199-10,WERA TOWN COUNCIL,058-199
058-199-11,WILLA,058-199
058-276-01,OGONGORA,058-276
058-276-02,OLWA,058-276
058-276-03,ORUNGO TOWN COUNCIL,058-276
058-276-04,ORUNGO,058-276
058-276-06,MORUNGATUNY,058-276
058-276-08,AKERIAU,058-276
058-276-10,OGOLAI,058-276
079-096-01,BUKEDEA,079-096
079-096-03,KIDONGOLE,079-096
079-096-04,KOLIR,079-096
079-096-05,MALERA,079-096
079-096-06,BUKEDEA TOWN COUNCIL,079-096
079-096-07,AMINIT,079-096
079-096-08,KABARWA,079-096
079-096-09,KAMUTUR,079-096
079-096-10,KANGOLE,079-096
079-096-11,KOCHEKA,079-096
079-096-12,KOENA,079-096
079-257-01,ALIGOI,079-257
079-257-02,KACHUMBALA,079-257
079-257-03,KOMUGE,079-257
079-257-04,KWARIKWAR,079-257
079-257-05,KONGUNGA TOWN COUNCIL,079-257
097-203-01,BUGONDO,097-203
097-203-02,KADUNGULU,097-203
097-203-05,KASILO TOWN COUNCIL,097-203
097-203-06,KADUNGULU TOWN COUNCIL,097-203
097-203-08,KAGWARA TOWN COUNCIL,097-203
097-204-01,ATIIRA,097-204
097-204-02,KATETA,097-204
097-204-03,KYERE,097-204
097-204-04,SERERE/OLIO,097-204
097-204-05,SERERE TOWN COUNCIL,097-204
097-204-06,KYERE TOWN COUNCIL,097-204
097-204-07,OCAAPA TOWN COUNCIL,097-204
097-331-03,PINGIRE,097-331
097-331-04,LABOR,097-331
097-331-07,KIDETOK TOWN COUNCIL,097-331
102-189-01,KASASIRA TOWN COUNCIL,102-189
102-189-02,BUSETA,102-189
102-189-04,KIBUKU,102-189
102-189-07,TIRINYI,102-189
102-189-09,KASASIRA,102-189
102-189-10,KIBUKU TOWN COUNCIL,102-189
102-189-11,TIRINYI TOWN COUNCIL,102-189
102-189-12,KITUTI,102-189
102-189-13,LWATAMA,102-189
102-189-14,NANKODO,102-189
102-256-01,BULANGIRA,102-256
102-256-02,KAKUTU,102-256
102-256-03,KADAMA,102-256
102-256-04,NANDERE,102-256
102-256-05,KAGUMU,102-256
102-256-06,KIRIKA,102-256
102-256-07,GOLI-GOLI,102-256
102-256-08,KABWERI,102-256
102-256-09,NABISWA,102-256
102-256-10,KADAMA TOWN COUNCIL,102-256
102-256-11,BULANGIRA TOWN COUNCIL,102-256
102-256-12,KENKEBU,102-256
104-075-01,BENET,104-075
104-075-02,BINYINY,104-075
104-075-03,KAPRORON,104-075
104-075-05,KWANYIY,104-075
104-075-06,KWOSIR,104-075
104-075-08,KAPTUM,104-075
104-075-09,KITAWOI,104-075
104-075-10,MOYOK,104-075
104-075-11,BINYINY TOWN COUNCIL,104-075
104-075-12,KAPTOYOY,104-075
104-075-13,KAPRORON TOWN COUNCIL,104-075
104-075-15,KAPKWATA,104-075
104-075-16,KASEKO,104-075
104-075-18,TUIKAT,104-075
104-075-19,KAPNARKUT TOWN COUNCIL,104-075
104-328-04,NGENGE,104-328
104-328-07,GREEK RIVER,104-328
104-328-14,CHEPSUKUNYA TOWN,104-328
104-328-17,SUNDET,104-328
118-188-01,BUTEBO,118-188
118-188-02,KABWANGASI,118-188
118-188-03,KAKORO,118-188
118-188-04,KABWANGASI TOWN COUNCIL,118-188
118-188-05,PETETE,118-188
118-188-06,KANGINIMA,118-188
118-188-07,KAKORO TOWN COUNCIL,118-188
118-188-08,MAIZIMASA,118-188
118-188-09,KACHURU,118-188
118-188-10,PUTTI,118-188
118-188-11,KADOKOLENE,118-188
118-188-12,KANYUM,118-188
118-188-13,KABELAI,118-188
118-188-14,KAPUNYASI,118-188
118-188-15,BUTEBO TOWN COUNCIL,118-188
118-188-16,KANGINIMA TOWN COUNCIL,118-188
118-188-17,PETETE TOWN COUNCIL,118-188
120-127-01,BUWABWALA,120-127
120-127-04,BUPOTO,120-127
120-127-07,NAMABYA,120-127
120-127-08,TSEKULULU,120-127
120-127-11,MUKOTO,120-127
120-127-14,BUKHABUSI,120-127
120-127-15,BUKHAWEKA,120-127
120-127-16,NAMISINDWA TOWN COUNCIL,120-127
120-127-23,BUWATUWA,120-127
120-127-24,BUMUMALI,120-127
120-127-25,BUNGATI,120-127
120-127-27,BUKWHAWEKA TOWN,120-127
120-127-28,LUWA TOWN COUNCIL,120-127
120-329-02,BUMWONI,120-329
120-329-03,BUMBO,120-329
120-329-05,BUBUTU,120-329
120-329-06,MAGALE,120-329
120-329-07,BUBUTU TOWN COUNCIL,120-329
120-329-09,LWAKHAKHA TOWN COUNCIL,120-329
120-329-10,BUKOKHO,120-329
120-329-12,NAMBOKO,120-329
120-329-13,BUKIABI,120-329
120-329-17,MAGALE TOWN COUNCIL,120-329
120-329-18,BUMBO TOWN COUNCIL,120-329
120-329-19,BUMITYERO,120-329
120-329-20,NAMITSA,120-329
120-329-21,BUWAMBWA,120-329
120-329-22,NABITSIKHI,120-329
120-329-26,MUKHUYU,120-329
014-076-02,KAPTANYA,014-076
014-076-03,KASEREM,014-076
014-076-04,SIPI,014-076
014-076-06,CHEMA,014-076
014-076-07,KAWOWO,014-076
014-076-08,GAMOGO,014-076
014-076-09,KABEYWA,014-076
014-076-11,KAPSINDA,014-076
014-076-13,MUNARYA,014-076
014-076-14,AMUKOL,014-076
014-076-15,CHEPTERECH,014-076
014-076-16,SIPI TOWN COUNCIL,014-076
014-283-01,CENTRAL DIVISION,014-283
014-283-02,EAST DIVISION,014-283
014-283-03,WEST DIVISION,014-283
142-134-01,INDUSTRIAL DIVISION,142-134
142-302-01,NORTHERN DIVISION,142-302
026-131-01,BUFUMBO,026-131
026-131-05,WANALE,026-131
026-131-06,BUBYANGU,026-131
026-131-07,BUDWALE,026-131
026-131-11,JEWA TOWN COUNCIL,026-131
026-132-01,BUKIENDE,026-132
026-132-04,BUSIU,026-132
026-132-08,BUMASIKYE,026-132
026-132-09,LUKHONGE,026-132
026-132-13,BUSIU TOWN COUNCIL,026-132
026-132-15,BUNAMBUTYE,026-132
026-332-02,BUNGOKHO,026-332
026-332-03,BUSANO,026-332
026-332-05,BUSOBA,026-332
026-332-10,NYONDO,026-332
026-332-11,BUMBOBI,026-332
026-332-12,NABUMALI TOWN COUNCIL,026-332
035-190-01,KAMUGE TOWN COUNCIL,035-190
035-190-02,BOLISO I,035-190
035-190-05,KASODO,035-190
035-190-06,PALLISA,035-190
035-190-07,PALLISA TOWN COUNCIL,035-190
035-190-08,PUTI-PUTI,035-190
035-190-09,KAMUGE,035-190
035-190-12,OLOK,035-190
035-234-01,AGULE,035-234
035-234-04,KAMEKE,035-234
035-234-05,AGULE TOWN COUNCIL,035-234
035-234-07,OBOLISO,035-234
035-234-10,AKISIM,035-234
035-234-11,CHELEKURA,035-234
035-261-01,KIBALE TOWN COUNCIL,035-261
035-261-04,KIBALE,035-261
035-261-07,OPWATETA,035-261
035-337-02,APOPONG,035-337
035-337-03,GOGONYO,035-337
035-337-06,KAUKURA,035-337
035-337-08,OBUTET,035-337
039-209-02,KISOKO,039-209
039-209-03,NAGONGERA,039-209
039-209-05,PETTA,039-209
039-209-06,NAGONGERA TOWN COUNCIL,039-209
039-209-08,KATAJULA,039-209
039-210-01,IYOLWA,039-210
039-210-04,RUBONGI,039-210
039-210-05,MAGOLA,039-210
039-210-08,IYOLWA TOWN COUNCIL,039-210
039-210-09,OSIA,039-210
039-210-10,NYANGOLE,039-210
039-210-13,OJILAI,039-210
039-213-01,KWAPA,039-213
039-213-02,KAYORO,039-213
039-213-03,MORUKATIPE,039-213
039-213-04,OSUKURU TOWN COUCIL,039-213
039-213-05,MELLA,039-213
039-213-06,KALAIT,039-213
039-213-07,MALABA TOWN COUNCIL,039-213
039-213-08,KWAPA TOWN COUNCIL,039-213
039-213-09,APOKOR TOWN COUNCIL,039-213
039-214-01,TORORO EASTERN,039-214
039-214-02,TORORO WESTERN,039-214
039-281-01,APETAI,039-281
039-281-02,MOLO,039-281
039-281-03,MUKUJU,039-281
039-281-04,AKADOT,039-281
039-281-05,MAGODES TOWN COUNCIL,039-281
039-281-06,MERIKIT,039-281
039-281-07,MERIKIT TOWN COUNCIL,039-281
039-316-02,MULANDA,039-316
039-316-03,NABUYOGA,039-316
039-316-06,NABUYOGA TOWN COUNCIL,039-316
039-316-07,PAJWENDA TOWN COUNCIL,039-316
039-316-11,MWELLO,039-316
039-316-12,SIWA,039-316
039-343-01,KIREWA,039-343
039-343-04,PAYA,039-343
039-343-07,SOPSOP,039-343
039-343-09,SONI,039-343
039-343-10,NAWIRE,039-343
039-343-11,SERE,039-343
042-211-01,BULUMBI,042-211
042-211-02,TIIRA TOWN COUNCIL,042-211
042-211-03,BUSITEMA,042-211
042-211-04,BUTEBA,042-211
042-211-05,DABANI,042-211
042-211-06,BUYANGA,042-211
042-211-07,SIKUDA,042-211
042-211-08,NAMUNGODI TOWN COUNCIL,042-211
042-212-02,LUMINO,042-212
042-212-03,LUNYO,042-212
042-212-06,BUSIME,042-212
042-212-08,MAJANJI,042-212
042-212-09,LUMINO-MAJANJI TOWN,042-212
042-226-01,EASTERN DIVISION,042-226
042-226-02,WESTERN DIVISION,042-226
042-348-01,BUHEHE,042-348
042-348-04,MASABA,042-348
042-348-05,MASAFU,042-348
042-348-07,MASINYA,042-348
042-348-10,MASAFU TOWN COUNCIL,042-348
051-128-01,BUHUGU,051-128
051-128-02,BUMASIFWA,051-128
051-128-03,BUSULANI,051-128
051-128-04,BUTANDIGA,051-128
051-128-05,ZESUI,051-128
051-128-06,BUGITIMWA,051-128
051-128-07,BUKYABO,051-128
051-128-08,MASABA,051-128
051-128-09,BUDADIRI TOWN COUNCIL,051-128
051-128-10,BUKIISE,051-128
051-128-11,BUKYAMBI,051-128
051-128-12,BUMALIMBA,051-128
051-128-13,BUSIITA,051-128
051-128-14,LEGENYA,051-128
051-128-15,BUMULISHA,051-128
051-128-16,ELGON,051-128
051-128-17,KIKOBERO,051-128
051-128-18,NAMAGULI,051-128
051-128-19,BUTANDIGA TOWN COUNCIL,051-128
051-128-20,GOMBE GASAWA TOWN,051-128
051-128-21,MUTUFU TOWN COUNCIL,051-128
051-129-01,BUWALASI,051-129
051-129-02,BUYOBO,051-129
051-129-03,BUTEZA,051-129
051-129-04,BUKHULO,051-129
051-129-05,SIRONKO TOWN COUNCIL,051-129
051-129-06,BUKIYI,051-129
051-129-07,BUNYAFWA,051-129
051-129-08,BUWASA,051-129
051-129-09,NALUSALA,051-129
051-129-10,MAFUDU,051-129
051-129-11,LULENA,051-129
051-129-12,BUBBEZA,051-129
051-129-13,BUSAMAGA,051-129
051-129-14,DAHAMI,051-129
051-129-15,BUGAMBI,051-129
051-129-16,NAMUGABWE,051-129
051-129-17,BUTEZA TOWN COUNCIL,051-129
051-129-18,BUGUSEGE TOWN COUNCIL,051-129
051-129-19,BUKIITI TOWN COUNCIL,051-129
051-129-20,BUWERI TOWN COUNCIL,051-129
051-129-21,KAMA TOWN COUNCIL,051-129
059-074-01,BUKWA,059-074
059-074-04,SUAM,059-074
059-074-05,BUKWO TOWN COUNCIL,059-074
059-074-06,CHEPKWASTA,059-074
059-074-08,KAPTERERWO,059-074
059-074-11,SENENDET,059-074
059-074-13,KAPSARUR,059-074
059-074-14,AMANANG,059-074
059-074-18,KAPKOROS,059-074
059-074-19,KAPNANDI TOWN COUNCIL,059-074
059-074-20,SUAM TOWN COUNCIL,059-074
059-326-01,RIWO TOWN COUNCIL,059-326
059-326-02,CHESOWER,059-326
059-326-03,KABEI,059-326
059-326-07,KAMET,059-326
059-326-09,KORTEK,059-326
059-326-10,RIWO,059-326
059-326-12,TULEL,059-326
059-326-15,MUTUSHET,059-326
059-326-16,LWONGON,059-326
059-326-17,BRIM,059-326
060-208-01,NABIGANDA TOWN COUNCIL,060-208
060-208-04,BUTALEJA,060-208
060-208-05,KACHONGA,060-208
060-208-06,MAZIMASA,060-208
060-208-08,BUTALEJA TOWN COUNCIL,060-208
060-208-10,BUFUJJA-KACHONGA TOWN,060-208
060-208-11,HIMUTU,060-208
060-208-12,NAWEYO,060-208
060-236-01,BUDUMBA,060-236
060-236-02,BUSABA,060-236
060-236-03,BUSOLWE,060-236
060-236-04,BUSABA TOWN COUNCIL,060-236
060-236-07,NAWANJOFU,060-236
060-236-09,BUSOLWE TOWN COUNCIL,060-236
060-236-10,BUSABI,060-236
067-126-01,BUGOBERO,067-126
067-126-03,BUWAGOGO,067-126
067-126-04,KAATO,067-126
067-126-05,SIBANGA,067-126
067-126-06,MANAFWA TOWN COUNCIL,067-126
067-126-09,BUSUKUYA,067-126
067-126-10,BUTTA,067-126
067-126-11,KHABUTOOLA,067-126
067-126-13,NALONDO,067-126
067-126-14,WESWA,067-126
067-126-17,BUNABUTSALE,067-126
067-126-21,BUWANGANI TOWN COUNCIL,067-126
067-126-23,LWANJUSI,067-126
067-126-24,NANGALWE,067-126
067-126-25,BUTOOTO,067-126
067-126-26,BUKEWA,067-126
067-126-27,BUGOBERO TOWN COUNCIL,067-126
067-126-29,KIMALULI,067-126
067-126-31,MASAKA TOWN COUNCIL,067-126
067-339-02,BUTIRU,067-339
067-339-03,BUWAYA TOWN COUNCIL,067-339
067-339-07,BUKUSU,067-339
067-339-08,BUNABWANA,067-339
067-339-12,SISUNI,067-339
067-339-15,BUKHOFU,067-339
067-339-16,MAEFE,067-339
067-339-18,MAKENYA,067-339
067-339-19,BUKHADALA,067-339
067-339-20,BUNYINZA TOWN COUNCIL,067-339
067-339-22,BUTIRU TOWN COUNCIL,067-339
067-339-27,BUKOMA,067-339
067-339-28,MAYANZA,067-339
072-187-01,BUDAKA,072-187
072-187-02,KABUNA,072-187
072-187-03,KADERUNA,072-187
072-187-04,TADEMERI,072-187
072-187-05,LYAMA TOWN COUNCIL,072-187
072-187-06,NABOA TOWN COUNCIL,072-187
072-187-07,KACHOMO TOWN COUNCIL,072-187
072-187-08,BUDAKA TOWN COUNCIL,072-187
072-187-09,KACHOMO,072-187
072-187-10,KAKULE,072-187
072-187-13,NANSANGA,072-187
072-238-01,KADIMUKOLI,072-238
072-238-02,IKI-IKI,072-238
072-238-03,KAKOLI,072-238
072-238-04,KAMONKOLI,072-238
072-238-05,KAMONKOLI TOWN COUNCIL,072-238
072-238-06,IKI-IKI TOWN COUNCIL,072-238
072-238-07,KAMERUKA,072-238
072-238-11,KATIRA,072-238
072-238-12,MUGITI,072-238
078-133-02,BUDUDA,078-133
078-133-03,BUKIBOKOLO,078-133
078-133-05,BUNABUTITI,078-133
078-133-07,BUSHIKA,078-133
078-133-08,BUDUDA TOWN COUNCIL,078-133
078-133-09,BUKIBINO,078-133
078-133-10,BUMASHETI,078-133
078-133-15,NAKATSI,078-133
078-133-18,NANGAKO TOWN COUNCIL,078-133
078-270-01,BUBIITA,078-270
078-270-02,KUUSHU TOWN COUNCIL,078-270
078-270-03,BUFUMA,078-270
078-270-04,MABONO,078-270
078-270-05,BULUCHEKE,078-270
078-270-06,BUMAYOKA,078-270
078-270-07,BUMWALUKANI,078-270
078-270-08,BUSIRIWA,078-270
078-270-09,BUKALASI,078-270
078-270-10,BUNDESI,078-270
078-270-12,BUSHIYI,078-270
078-270-13,BUWALI,078-270
078-270-16,NALWANZA,078-270
078-336-01,KIKHOLO TOWN COUNCIL,078-336
078-336-04,BUKIGAI,078-336
078-336-06,BUNATSAMI,078-336
078-336-11,BUSHIRIBO,078-336
078-336-14,NABWEYA,078-336
078-336-17,BUKIGAI TOWN COUNCIL,078-336
089-130-01,BUMUFUNI,089-130
089-130-02,BUKHALU,089-130
089-130-03,BUNALWERE,089-130
089-130-04,BUWANYANGA,089-130
089-130-06,BUNAMBUTYE,089-130
089-130-08,MUYEMBE,089-130
089-130-11,BWIKHONGE,089-130
089-130-13,NABBONGO,089-130
089-130-17,BULAMBULI TOWN COUNCIL,089-130
089-130-20,BUYAGA TOWN COUNCIL,089-130
089-253-03,BULAGO,089-253
089-253-05,BULUGANYA,089-253
089-253-06,NABIWUTULU,089-253
089-253-08,SOTTI,089-253
089-253-10,BUMASOBO,089-253
089-253-12,LUSHA,089-253
089-253-15,SIMU,089-253
089-346-01,BUGINYANYA,089-346
089-346-02,BUFUMBO,089-346
089-346-04,BULEGENI,089-346
089-346-07,MASIRA,089-346
089-346-09,SISIYI,089-346
089-346-14,NAMISUNI,089-346
089-346-16,BULEGENI TOWN COUNCIL,089-346
089-346-18,BUMUGIBOLE,089-346
089-346-19,KAMU,089-346
012-061-01,KAMPALA CENTRAL,012-061
012-062-01,KAWEMPE DIVISION,012-062
012-063-01,KAWEMPE DIVISION,012-063
012-063-02,MAKERERE UNIVERSITY,012-063
012-064-01,MAKINDYE DIVISION,012-064
012-065-01,MAKINDYE DIVISION,012-065
012-066-01,RUBAGA DIVISION,012-066
012-067-01,RUBAGA DIVISION,012-067
012-068-01,NAKAWA DIVISION,012-068
012-353-01,NAKAWA DIVISION,012-353
032-176-02,KYAMPISI,032-176
032-176-04,NAMA,032-176
032-177-01,KOOME ISLANDS,032-177
032-177-02,NAKISUNGA,032-177
032-177-04,MPUNGE,032-177
032-177-05,MPATTA,032-177
032-177-06,KATOSI TOWN COUNCIL,032-177
032-177-08,NTENJERU-KISOGA TOWN,032-177
032-178-01,KASAWO,032-178
032-178-02,KIMENYEDDE,032-178
032-178-04,NAGOJJE,032-178
032-178-05,NAMUGANGA,032-178
032-178-06,NTUNDA,032-178
032-178-07,KASAWO TOWN COUNCIL,032-178
032-178-08,NAKIFUMA-NAGGALAMA,032-178
032-178-09,NAMATABA TOWN COUNCIL,032-178
032-231-01,GOMA DIVISION,032-231
032-231-03,MUKONO CENTRAL DIVISION,032-231
052-154-01,KYENGERA TOWN COUNCIL,052-154
052-154-02,WAKISO,052-154
052-154-03,WAKISO TOWN COUNCIL,052-154
052-154-04,MENDE,052-154
052-155-01,KAKIRI,052-155
052-155-02,MASULIITA,052-155
052-155-03,NAMAYUMBA,052-155
052-155-04,KAKIRI TOWN COUNCIL,052-155
052-155-05,NAMAYUMBA TOWN COUNCIL,052-155
052-155-06,MASULIITA TOWN COUNCIL,052-155
052-156-01,KASANJE TOWN COUNCIL,052-156
052-156-02,KATABI TOWN COUNCIL,052-156
052-156-03,KAJJANSI TOWN COUNCIL,052-156
052-156-04,BUSSI,052-156
052-159-02,KASANGATI TOWN COUNCIL,052-159
052-160-01,GOMBE DIVISION,052-160
052-160-02,BUSUKUMA DIVISION,052-160
052-160-03,NABWERU DIVISION,052-160
052-160-04,NANSANA DIVISION,052-160
052-161-01,MASAJJA DIVISION,052-161
052-161-02,BUNAMWAYA DIVISION,052-161
052-161-03,NDEJJE DIVISION,052-161
052-164-01,DIVISION A,052-164
052-164-02,DIVISION B,052-164
052-284-01,KIRA DIVISION,052-284
052-284-02,BWEYOGERERE DIVISION,052-284
052-284-03,NAMUGONGO DIVISION,052-284
082-172-01,NJERU DIVISION,082-172
082-172-02,NYENGA DIVISION,082-172
082-172-03,WAKISI DIVISION,082-172
082-173-01,KAWOLO DIVISION,082-173
082-173-02,CENTRAL DIVISION,082-173
082-173-03,NAJJEMBE DIVISION,082-173
082-174-01,BUIKWE,082-174
082-174-02,NAJJA,082-174
082-174-03,NGOGWE,082-174
082-174-04,NKOKONJERU TOWN,082-174
082-174-05,SSI,082-174
082-174-06,BUIKWE TOWN COUNCIL,082-174
082-174-07,KIYINDI TOWN COUNCIL,082-174
090-175-01,BUGAYA,090-175
090-175-02,BUSAMUZI,090-175
090-175-03,BWEEMA,090-175
090-175-04,NAIRAMBI,090-175
090-175-05,BUVUMA TOWN COUNCIL,090-175
090-175-06,BUWOOYA,090-175
090-175-07,LUBYA TOWN COUNCIL,090-175
090-175-08,LWAJJE,090-175
090-175-09,LYABAANA TOWN COUNCIL,090-175
107-145-02,LOKOPO,107-145
107-145-03,LOPEEI,107-145
107-145-05,MATANY,107-145
107-145-09,APEITOLIM,107-145
107-145-11,PORON,107-145
107-145-13,LOKITEDED TOWN COUNCIL,107-145
107-145-14,MATANY TOWN COUNCIL,107-145
107-321-01,IRIIRI,107-321
107-321-04,LOTOME,107-321
107-321-06,NGOLERIET,107-321
107-321-07,LORENGECORA,107-321
107-321-08,NAPAK TOWN COUNCIL,107-321
107-321-10,NABWAL,107-321
107-321-12,KANGOLE TOWN COUNCIL,107-321
128-148-01,LOLACHAT,128-148
128-148-02,LORENGEDWAT,128-148
128-148-03,NABILATUK,128-148
128-148-04,NATIRAE,128-148
128-148-05,KOSIKE,128-148
128-148-06,NABILATUK TOWN COUNCIL,128-148
130-237-02,SANGAR,130-237
130-237-03,KAKWANGA,130-237
130-237-04,KAPEDO,130-237
130-237-05,KAPEDO TOWN COUNCIL,130-237
130-237-12,KAWALAKOL,130-237
130-237-13,LOBALANGIT,130-237
130-320-01,LOKORI,130-320
130-320-02,KIDEPO TOWN COUNCIL,130-320
130-320-03,KARENGA TOWN COUNCIL,130-320
130-320-08,KARENGA,130-320
020-094-01,KACHERI,020-094
020-094-02,KOTIDO,020-094
020-094-03,KAMOR,020-094
020-094-04,NAKAPELIMORU,020-094
020-094-05,PANYANGARA,020-094
020-094-06,RENGEN,020-094
020-094-07,KACHERI TOWN COUNCIL,020-094
020-094-08,LOKITELAEBU TOWN COUNCIL,020-094
020-094-09,KANAIR,020-094
020-094-10,KAPETA,020-094
020-094-11,LOKWAKIAL,020-094
020-094-12,LOLETIO,020-094
020-094-14,LONGAROE,020-094
020-094-15,MAARU,020-094
020-094-16,NAPUMPUM,020-094
020-296-01,CENTRAL DIVISION,020-296
020-296-02,NORTH DIVISION,020-296
020-296-03,SOUTH DIVISION,020-296
020-296-04,WEST DIVISION,020-296
028-147-01,LOPUTUK,028-147
028-147-02,NADUNGET,028-147
028-147-03,RUPA,028-147
028-147-04,LOTISAN,028-147
028-147-05,NADUNGET TOWN COUNCIL,028-147
028-150-01,NORTH DIVISION,028-150
028-150-02,SOUTH DIVISION,028-150
028-278-01,KATIKEKILE,028-278
028-278-04,TAPAC,028-278
056-146-01,KAKOMONGOLE,056-146
056-146-04,NAMALU,056-146
056-146-05,LOREGAE,056-146
056-146-06,KAAWACH,056-146
056-146-07,LORENG,056-146
056-314-02,MORUITA,056-314
056-314-03,NAKAPIRIPIRIT TOWN,056-314
056-314-04,TOKORA,056-314
056-314-08,LEMUSUI,056-314
063-093-02,KAABONG TOWN COUNCIL,063-093
063-093-04,KAKAMAR,063-093
063-093-06,LOLELIA,063-093
063-093-07,LOYORO,063-093
063-093-09,SIDOK (KOPOTH),063-093
063-093-10,KAABONG WEST,063-093
063-093-11,LOBONGIA,063-093
063-093-14,LODIKO,063-093
063-093-15,LOLELIA SOUTH,063-093
063-255-09,MORUNGOLE,063-255
063-255-10,TIMU,063-255
063-255-11,KAMION,063-255
063-341-01,KAABONG EAST,063-341
063-341-02,KALAPATA TOWN COUNCIL,063-341
063-341-03,KALAPATA,063-341
063-341-05,KATHILE,063-341
063-341-06,KATHILE TOWN COUNCIL,063-341
063-341-08,KATHILE SOUTH,063-341
063-341-12,LOTIM,063-341
070-095-01,ABIM,070-095
070-095-02,ALEREK,070-095
070-095-03,LOTUKEI,070-095
070-095-04,MORULEM,070-095
070-095-05,NYAKWAE,070-095
070-095-06,ABIM TOWN COUNCIL,070-095
070-095-07,AWACH,070-095
070-095-08,MAGAMAGA,070-095
070-095-09,KIRU TOWN COUNCIL,070-095
070-095-10,CAMKOK,070-095
070-095-11,OPOPONGO,070-095
070-095-12,ATUNGA,070-095
070-095-13,ABUK TOWN COUNCIL,070-095
070-095-14,ALEREK TOWN COUNCIL,070-095
070-095-15,MORULEM TOWN COUNCIL,070-095
070-095-16,ORWAMUGE TOWN COUNCIL,070-095
081-149-01,AMUDAT,081-149
081-149-02,KARITA,081-149
081-149-03,LOROO,081-149
081-149-04,AMUDAT TOWN COUNCIL,081-149
081-149-05,ABILIYEP,081-149
081-149-06,ACHORICHOR,081-149
081-149-07,KATABOK,081-149
081-149-08,KONGOROK,081-149
081-149-09,LOKALES,081-149
081-149-10,LOSIDOK,081-149
081-149-11,KARITA TOWN COUNCIL,081-149
007-038-01,NABITENDE,007-038
007-038-02,NAMBALE,007-038
007-038-03,NAMUNGALWE TOWN,007-038
007-038-04,NAWANDALA,007-038
007-038-05,KIDAAGO,007-038
007-039-01,BULAMAGI,007-039
007-039-03,NAKALAMA,007-039
007-039-04,NAKIGO,007-039
007-039-05,NAWANYINGI,007-039
007-228-01,CENTRAL DIVISION,007-228
007-228-02,NORTHERN DIVISION,007-228
008-041-01,BUSEDDE,008-041
008-041-02,KAKIRA TOWN COUNCIL,008-041
008-042-02,BUTAGAYA,008-042
008-042-06,NAMAGERA TOWN COUNCIL,008-042
008-306-03,BUWENGE,008-306
008-306-04,BUWENGE TOWN COUNCIL,008-306
008-306-05,BUYENGO TOWN COUNCIL,008-306
123-030-01,BUYANGA,123-030
123-030-02,IBULANKU,123-030
123-030-03,MAKUUTU,123-030
123-030-04,NAMALEMBA,123-030
123-030-05,BUSEMBATIA TOWN COUNCIL,123-030
123-030-06,IGOMBE,123-030
123-030-07,IDUDI TOWN COUNCIL,123-030
123-030-08,BUSESA TOWN COUNCIL,123-030
013-070-01,BALAWOLI,013-070
013-070-03,NABWIGULU,013-070
013-070-04,NAMASAGALI,013-070
013-070-05,BALAWOLI TOWN COUNCIL,013-070
013-070-06,KAGUMBA,013-070
013-071-01,BULOPA,013-071
013-071-02,BUTANSI,013-071
013-071-03,KITAYUNJWA,013-071
013-071-04,NAMWENDWA,013-071
013-071-05,NAMWENDWA TOWN,013-071
013-073-01,BUGULUMBYA,013-073
013-073-02,KISOZI,013-073
013-073-03,MBULAMUTI,013-073
013-073-04,NAWANYAGO,013-073
013-073-05,WANKOLE,013-073
013-073-06,MAGOGO,013-073
013-073-07,KISOZI TOWN COUNCIL,013-073
013-073-08,MBULAMUTI TOWN COUNCIL,013-073
013-073-09,KASAMBIRA TOWN COUNCIL,013-073
013-073-10,NAWANYAGO TOWN COUNCIL,013-073
013-282-01,NORTHERN DIVISION,013-282
013-282-02,SOUTHERN DIVISION,013-282
138-043-01,JINJA SOUTH DIVISION,138-043
138-044-01,JINJA SOUTH DIVISION,138-044
138-299-01,JINJA NORTH DIVISION,138-299
041-031-01,BULESA,041-031
041-031-02,BUWUNGA,041-031
041-031-03,MUTERERE,041-031
041-031-04,NANKOMA,041-031
041-031-05,BUDHAYA,041-031
041-031-06,BULIDHA,041-031
041-031-07,NANKOMA TOWN COUNCIL,041-031
041-031-08,BUSOWA TOWN COUNCIL,041-031
041-031-09,BUWUNI TOWN COUNCIL,041-031
041-031-10,MUTELELE TOWN COUNCIL,041-031
041-031-11,MAYUGE TOWN COUNCIL,041-031
041-032-01,NABUKALU TOWN COUNCIL,041-032
041-032-02,BULUGUYI,041-032
041-032-03,IWEMBA,041-032
041-032-04,KAPYANGA,041-032
041-032-05,NABUKALU,041-032
041-032-06,NAMAYEMBA TOWN COUNCIL,041-032
041-032-07,MUWAYO TOWN COUNCIL,041-032
041-295-01,EASTERN DIVISION,041-295
041-295-02,WESTERN DIVISION,041-295
049-034-01,BUWAAYA,049-034
049-034-02,KIGANDALO,049-034
049-034-03,BUKABOOLI,049-034
049-034-04,MPUNGWE,049-034
049-035-01,KITYERERA,049-035
049-035-02,MALONGO,049-035
049-035-03,JAGUZI,049-035
049-035-04,BUSAKIRA,049-035
049-035-05,BUGADDE TOWN COUNCIL,049-035
049-035-06,BWONDHA TOWN COUNCIL,049-035
049-036-01,BAITAMBOGWE,049-036
049-036-02,IMANYIRO,049-036
049-036-03,MAYUGE TOWN COUNCIL,049-036
049-036-04,BUKATUBE,049-036
049-036-05,WAIRASA,049-036
049-036-06,MAGAMAGA TOWN COUNCIL,049-036
064-072-01,BUMANYA,064-072
064-072-02,GADUMIRE,064-072
064-072-03,NAMUGONGO,064-072
064-072-04,NAMWIWA,064-072
064-072-05,BULUMBA TOWN COUNCIL,064-072
064-072-06,KALIRO TOWN COUNCIL,064-072
064-072-07,BUYINDA,064-072
064-072-08,KASOKWE,064-072
064-072-09,KISINDA,064-072
064-072-10,NAMWIWA TOWN COUNCIL,064-072
064-072-12,BUDOMERO,064-072
064-247-01,BUKAMBA,064-247
064-247-02,NANSOLOLO,064-247
064-247-03,NAWAIKOKE TOWN COUNCIL,064-247
064-247-05,NAWAIKOKE,064-247
075-037-01,BULANGE,075-037
075-037-02,NSINZE TOWN COUNCIL,075-037
075-037-05,NAMUTUMBA,075-037
075-037-06,NSINZE,075-037
075-037-07,NAMUTUMBA TOWN COUNCIL,075-037
075-037-09,KIZUBA,075-037
075-037-10,NAWAIKONA,075-037
075-037-11,BUGOBI TOWN COUNCIL,075-037
075-037-13,BUGOBI,075-037
075-245-01,NABWEYO,075-245
075-245-02,IVUKULA,075-245
075-245-03,KIBAALE,075-245
075-245-04,NANGONDE,075-245
075-245-05,KIBALE TOWN COUNCIL,075-245
075-245-06,IVUKULA TOWN COUNCIL,075-245
075-245-07,NANGONDE TOWN COUNCIL,075-245
075-338-03,KIWANYI,075-338
075-338-04,MAGADA,075-338
075-338-08,KAGULU,075-338
075-338-12,MAZUBA,075-338
083-069-01,BUKUNGU TOWN COUNCIL,083-069
083-069-02,BUYENDE,083-069
083-069-03,KIDERA TOWN COUNCIL,083-069
083-069-04,KIDERA,083-069
083-069-05,NKONDO,083-069
083-069-06,BUYENDE TOWN COUNCIL,083-069
083-069-07,NDOLWA,083-069
083-069-08,BUYANJA,083-069
083-217-01,BUGAYA,083-217
083-217-02,IRUNDU TOWN COUNCIL,083-217
083-217-03,KAGULU,083-217
083-217-04,GUMPI,083-217
083-217-05,IRUNDU,083-217
083-217-06,NGANDHO,083-217
094-040-02,BUKOOMA,094-040
094-040-03,BULONGO,094-040
094-040-04,IKUMBYA,094-040
094-040-05,BUKOOVA TOWN COUNCIL,094-040
094-040-08,LUUKA TOWN COUNCIL,094-040
094-271-01,BUKANGA,094-271
094-271-05,IRONGO,094-271
094-271-06,NAWAMPITI,094-271
094-271-07,WAIBUGA,094-271
094-271-08,BULANGA TOWN COUNCIL,094-271
094-271-09,BUSALAMU TOWN COUNCIL,094-271
094-271-10,KYANVUMA TOWN COUNCIL,094-271
095-033-02,BUSWALE,095-033
095-033-03,BUYINJA,095-033
095-033-07,NAMAYINGO TOWN COUNCIL,095-033
095-235-01,BUKANA,095-235
095-235-02,LOLWE,095-235
095-235-04,SIGULU ISLANDS,095-235
095-345-01,BANDA,095-345
095-345-04,BANDA TOWN COUNCIL,095-345
095-345-05,MUTUMBA,095-345
095-345-06,BUHEMBA,095-345
095-345-08,MUTUMBA TOWN COUNCIL,095-345
003-014-01,BUBANDI,003-014
003-014-02,BUBUKWANGA,003-014
003-014-03,BUNDIBUGYO TOWN COUNCIL,003-014
003-014-04,BUSARU,003-014
003-014-05,NYAHUKA TOWN COUNCIL,003-014
003-014-06,KIRUMYA,003-014
003-014-07,KISUBBA,003-014
003-014-08,MIRAMBI,003-014
003-014-09,BUNDINGOMA,003-014
003-014-10,TOKWE,003-014
003-014-11,BUSUNGA TOWN COUNCIL,003-014
003-014-12,BUGANIKERE TOWN COUNCIL,003-014
003-014-13,KAGHEMA TOWN COUNCIL,003-014
003-215-01,HARUGALI,003-215
003-215-02,KASITU,003-215
003-215-03,NDUGUTU,003-215
003-215-04,BUKONZO,003-215
003-215-05,NTOTORO,003-215
003-215-06,SINDILA,003-215
003-215-07,NGAMBA,003-215
003-215-08,BURONDO,003-215
003-215-09,KAGUGU,003-215
003-215-10,NTANDI TOWN COUNCIL,003-215
003-215-11,MABERE,003-215
003-215-12,BUTAMA-MITUNDA TOWN,003-215
003-215-13,MBATYA,003-215
003-215-14,NGITE,003-215
010-052-02,BUSORO,010-052
010-052-03,HAKIBALE,010-052
010-052-05,KICWAMBA,010-052
010-052-06,MUGUSU,010-052
010-052-07,RUTEETE,010-052
010-052-08,KASENDA,010-052
010-052-09,KARANGURA,010-052
010-052-10,KIJURA TOWN COUNCIL,010-052
010-052-11,KIKO TOWN COUNCIL,010-052
010-052-13,HARUGONGO,010-052
010-052-14,KABENDE,010-052
010-052-15,MUGUSU TOWN COUNCIL,010-052
010-052-16,KASENDA TOWN COUNCIL,010-052
010-052-18,RWENGAJU,010-052
010-052-19,KIBASI TOWN COUNCIL,010-052
117-051-01,BUHEESI,117-051
117-051-02,KIBIITO,117-051
117-051-03,KISOMORO,117-051
117-051-04,RWIMI,117-051
117-051-05,KATEEBWA,117-051
117-051-06,KIBIITO TOWN COUNCIL,117-051
117-051-07,RWIMI TOWN COUNCIL,117-051
117-051-08,KABONERO,117-051
117-051-09,RUBONA TOWN COUNCIL,117-051
117-051-10,KIYOMBYA,117-051
117-051-11,KYAMUKUBE TOWN COUNCIL,117-051
117-051-12,BUHEESI TOWN COUNCIL,117-051
117-051-13,NYAKIGUMBA TOWN COUNCIL,117-051
117-051-14,KAKINGA TOWN COUNCIL,117-051
117-051-15,BUKARA,117-051
132-054-01,KICHECHE,132-054
132-054-02,MAHYORO,132-054
132-054-03,NTARA,132-054
132-054-04,NYABBANI,132-054
132-054-05,BUHANDA,132-054
132-054-06,KANARA,132-054
132-054-07,KABUJOGERA TOWN COUNCIL,132-054
132-054-08,KAKASI,132-054
132-054-09,RUHUNGA,132-054
132-054-10,RWENJAZA,132-054
132-054-11,BUKURUNGO TOWN COUNCIL,132-054
132-054-12,KITAGWENDA TOWN COUNCIL,132-054
132-054-13,MAHYORO TOWN COUNCIL,132-054
139-058-01,FORT PORTAL CENTRAL,139-058
139-297-01,FORT PORTAL NORTH,139-297
015-077-01,KISINGA,015-077
015-077-02,KYARUMBA,015-077
015-077-03,KYONDO,015-077
015-077-04,MAHANGO,015-077
015-077-05,MUNKUNYU,015-077
015-077-06,NYAKATONZI,015-077
015-077-07,KISINGA TOWN COUNCIL,015-077
015-077-08,KINYAMASEKE TOWN,015-077
015-077-09,KITABU,015-077
015-077-10,KYARUMBA TOWN COUNCIL,015-077
015-078-01,BWERA,015-078
015-078-02,IHANDIRO,015-078
015-078-03,KARAMBI,015-078
015-078-04,KITHOLHU,015-078
015-078-05,NYAKIYUMBU,015-078
015-078-06,MPONDWE/LHUBIRIHA TOWN,015-078
015-078-07,ISANGO,015-078
015-078-08,KITHOMA-KANYATSI TOWN,015-078
015-079-01,BUGOYE,015-079
015-079-02,KITSWAMBA,015-079
015-079-03,KYABARUNGIRA,015-079
015-079-04,MALIBA,015-079
015-079-05,HIMA TOWN COUNCIL,015-079
015-079-06,BWESUMBU,015-079
015-079-07,BUHUHIRA,015-079
015-079-08,RUGENDABARA-KIKONGO,015-079
015-079-09,MUBUKU TOWN COUNCIL,015-079
015-079-10,IBANDA-KYANYA TOWN,015-079
015-079-11,MALIBA TOWN COUNCIL,015-079
015-079-12,KABATUNDA-KIRABAHO,015-079
015-079-13,KITSWAMBA TOWN COUNCIL,015-079
015-080-01,KARUSANDARA,015-080
015-080-02,KAHOKYA,015-080
015-080-03,KILEMBE,015-080
015-080-04,KATWE KABATORO TOWN,015-080
015-080-05,LAKE KATWE,015-080
015-080-06,MUHOKYA,015-080
015-080-07,RUKOKI,015-080
015-080-08,MBUNGA,015-080
015-080-09,NYAKABINGO,015-080
015-080-10,MUHOKYA TOWN COUNCIL,015-080
015-229-01,BULEMBIA DIVISION,015-229
015-229-02,CENTRAL DIVISION,015-229
015-229-03,NYAMWAMBA DIVISION,015-229
046-053-01,KABUGA TOWN COUNCIL,046-053
046-053-02,KAHUNGE,046-053
046-053-03,KAMWENGE,046-053
046-053-04,RUKUNYU TOWN COUNCIL,046-053
046-053-05,KAMWENGE TOWN COUNCIL,046-053
046-053-06,BUSIRIBA,046-053
046-053-07,KABAMBIRO,046-053
046-053-08,BIGODI TOWN COUNCIL,046-053
046-053-10,KAHUNGE TOWN COUNCIL,046-053
046-262-01,BWIZI,046-262
046-262-02,NKOMA-KATALYEBA TOWN,046-262
046-262-03,BIGULI TOWN COUNCIL,046-262
046-262-04,NKOMA,046-262
046-262-05,LYAKAHUNGU TOWN,046-262
046-262-06,NTONWA,046-262
046-262-07,KABUYE,046-262
046-262-08,BIGULI,046-262
046-262-09,BIHANGA,046-262
048-056-01,BUFUNJO,048-056
048-056-02,MABIRA TOWN COUNCIL,048-056
048-056-03,KITEGA,048-056
048-056-04,KIGOYERA,048-056
048-056-05,NYANKWANZI,048-056
048-056-06,BATALIKA,048-056
048-056-08,KYEMBOGO,048-056
048-056-09,KYAMUTUNZI TOWN COUNCIL,048-056
048-056-10,KANYEGARAMIRE,048-056
048-056-11,NYABIRONGO,048-056
048-056-12,KIFUKA TOWN COUNCIL,048-056
048-057-01,BUTIITI,048-057
048-057-02,KIHUURA,048-057
048-057-03,NYANTUNGO,048-057
048-057-04,KYENJOJO TOWN COUNCIL,048-057
048-057-05,BUTUNDUZI,048-057
048-057-06,KIGARAALE,048-057
048-057-07,KISOJO,048-057
048-057-08,NYABUHARWA,048-057
048-057-09,BUTUNDUZI TOWN COUNCIL,048-057
048-057-10,KISOJO TOWN COUNCIL,048-057
048-057-11,KYAKATWIRE TOWN COUNCIL,048-057
048-057-12,BUTIITI TOWN COUNCIL,048-057
048-057-13,MBALE TOWN COUNCIL,048-057
048-274-01,NYAKISI,048-274
048-274-02,BUGAAKI,048-274
048-274-03,KATOOKE,048-274
048-274-04,KYARUSOZI,048-274
048-274-05,RUGOMBE TOWN COUNCIL,048-274
048-274-06,KATOOKE TOWN COUNCIL,048-274
048-274-07,KYARUSOZI TOWN COUNCIL,048-274
084-055-01,HAPUUYO,084-055
084-055-02,KAKABARA,084-055
084-055-03,KASULE,084-055
084-055-07,NKAAKWA,084-055
084-055-09,KIGAMBO,084-055
084-055-10,MIGONGWE,084-055
084-055-11,HAPUUYO TOWN COUNCIL,084-055
084-055-13,BUGOGO TOWN COUNCIL,084-055
084-268-01,MPARA TOWN COUNCIL,084-268
084-268-02,KAZINGA TOWN COUNCIL,084-268
084-268-03,MIGAMBA,084-268
084-268-05,MPARA,084-268
084-268-06,RUYONZA,084-268
084-268-07,RWENTUHA,084-268
084-334-03,KAKABARA TOWN COUNCIL,084-334
084-334-04,KYEGEGWA,084-334
084-334-05,NKANJA,084-334
084-334-08,KYEGEGWA TOWN COUNCIL,084-334
084-334-12,KYATEGA,084-334
096-015-01,KANARA,096-015
096-015-02,KARUGUTU,096-015
096-015-03,RWEBISENGO,096-015
096-015-04,BUTUNGAMA,096-015
096-015-05,BWERAMULE,096-015
096-015-06,KIBUUKU TOWN COUNCIL,096-015
096-015-07,NOMBE,096-015
096-015-08,KANARA TOWN COUNCIL,096-015
096-015-09,KARUGUTU TOWN COUNCIL,096-015
096-015-10,RWEBISENGO TOWN,096-015
001-003-01,AKOKORO,001-003
001-003-03,AKOKORO TOWN COUNCIL,001-003
001-003-05,IBUJE,001-003
001-003-06,IBUJE TOWN COUNCIL,001-003
001-003-08,APOI,001-003
001-291-01,ATIK DIVISION,001-291
001-291-02,AKERE DIVISION,001-291
001-291-03,AGULLU DIVISION,001-291
001-291-04,AROCHA DIVISION,001-291
001-340-02,APAC,001-340
001-340-04,CHEGERE,001-340
001-340-07,TE-BOKE,001-340
005-023-01,AWACH,005-023
005-023-02,BUNGATIRA,005-023
005-023-03,PAICHO,005-023
005-023-04,PALARO,005-023
005-023-05,PATIKO,005-023
005-023-06,UNYAMA,005-023
005-023-08,OMEL,005-023
005-023-09,OWALO,005-023
005-023-10,OWOO,005-023
005-023-11,PAIBONA,005-023
005-023-12,PUKONY,005-023
103-001-01,AKALO TOWN COUNCIL,103-001
103-001-02,AKALO,103-001
103-001-04,AYER,103-001
103-001-05,BALA,103-001
103-001-06,KOLE TOWN COUNCIL,103-001
103-001-08,BALA TOWN COUNCIL,103-001
103-267-01,ABOKE,103-267
103-267-02,OKWERODOT,103-267
103-267-03,ALITO,103-267
103-267-04,ABOKE TOWN COUNCIL,103-267
103-267-05,ALITO TOWN COUNCIL,103-267
110-025-02,ANAKA (PAYIRA),110-025
110-025-04,PURONGO,110-025
110-025-05,ANAKA TOWN COUNCIL,110-025
110-025-06,GOT APWOYO,110-025
110-025-08,LUNGULU,110-025
110-025-10,PURONGO TOWN COUNCIL,110-025
110-347-01,ALERO,110-347
110-347-03,KOCH-GOMA,110-347
110-347-07,LII,110-347
110-347-09,PAMINYAI,110-347
110-347-11,KOCH GOMA TOWN COUNCIL,110-347
111-089-01,ADILANG,111-089
111-089-02,ADILANG TOWN COUNCIL,111-089
111-089-04,LOKOLE,111-089
111-089-07,AJALI,111-089
111-089-08,PATONGO,111-089
111-089-10,LAPEREBONG,111-089
111-089-12,KOTOMOR,111-089
111-089-15,PATONGO TOWN COUNCIL,111-089
111-089-16,AGAGO TOWN COUNCIL,111-089
111-240-01,WOL TOWN COUNCIL,111-240
111-240-02,LAPONO,111-240
111-240-03,LAI-MUTTO TOWN COUNCIL,111-240
111-240-04,KUYWEE,111-240
111-240-05,LIRA KATO,111-240
111-240-06,PAIMOL,111-240
111-240-07,PARABONGO,111-240
111-240-09,WOL,111-240
111-240-10,KALONGO TOWN COUNCIL,111-240
111-240-14,OMIYA PACWA,111-240
111-303-03,LIRA-PALWO,111-303
111-303-05,OMOT,111-303
111-303-06,AGENGO,111-303
111-303-09,GEREGERE,111-303
111-303-11,ARUM,111-303
111-303-13,LAMIYO,111-303
111-303-17,LIRA-PALWO TOWN COUNCIL,111-303
115-026-01,ACET TOWN COUNCIL,115-026
115-026-02,AKIDI,115-026
115-026-03,LAKWANA,115-026
115-026-04,LALOGI,115-026
115-026-05,ODEK,115-026
115-026-06,LAKWAYA,115-026
115-026-07,OMORO TOWN COUNCIL,115-026
115-026-08,ORAPWOYO,115-026
115-280-01,BOBI,115-280
115-280-02,KORO,115-280
115-280-03,PALENGA TOWN COUNCIL,115-280
115-280-04,LABORA,115-280
115-280-05,ABUGA,115-280
115-280-06,ONGAKO,115-280
115-280-07,AREMO,115-280
127-002-02,CAWENTE,127-002
127-002-04,NAMBIESO,127-002
127-002-07,AYABI TOWN COUNCIL,127-002
127-002-10,AYABI,127-002
127-002-11,ATONGTIDI,127-002
127-311-01,ADUKU,127-311
127-311-03,INOMO,127-311
127-311-05,ABONGOMOLA,127-311
127-311-06,ADUKU TOWN COUNCIL,127-311
127-311-08,INOMO TOWN COUNCIL,127-311
127-311-09,AKALI,127-311
137-027-01,BARDEGE-LAYIBI DIVISION,137-027
137-298-01,LAROO-PECE DIVISION,137-298
144-105-01,LIRA EAST DIVISION,144-105
144-349-01,LIRA WEST DIVISION,144-349
019-091-01,KITGUM MATIDI,019-091
019-091-02,KITGUM MATIDI TOWN,019-091
019-091-03,LABONGO-LAYAMO,019-091
019-091-04,LABONGO-AMIDA,019-091
019-091-06,LALANO,019-091
019-091-07,LABONGO-AMIDA WEST,019-091
019-091-08,LAGORO,019-091
019-091-09,LABONGO AKWANG,019-091
019-250-01,NAMOKORA TOWN COUNCIL,019-250
019-250-02,KITENY,019-250
019-250-03,MUCWINI EAST,019-250
019-250-04,MUCHWINI WEST,019-250
019-250-05,MUCWINI,019-250
019-250-06,NAMOKORA,019-250
019-250-07,OROM,019-250
019-250-08,NAMOKORA NORTH,019-250
019-250-09,OMIYA-ANYIMA WEST,019-250
019-250-10,OMIYA-ANYIMA,019-250
019-250-11,OROM EAST,019-250
019-286-01,CENTRAL DIVISION,019-286
019-286-02,PANDWONG DIVISION,019-286
019-286-03,PAGER DIVISION,019-286
022-100-01,AROMO,022-100
022-100-03,OGUR,022-100
022-100-04,AGWENG,022-100
022-100-05,AGWENG TOWN COUNCIL,022-100
022-100-06,AYAMI,022-100
022-101-02,AMACH,022-101
022-101-03,BARR,022-101
022-101-04,AGALI,022-101
022-101-06,AMACH TOWN COUNCIL,022-101
022-101-07,ITEK,022-101
022-101-09,WIODYEK,022-101
050-090-01,TE-NAM,050-090
050-090-02,PUKOR,050-090
050-090-03,AWERE,050-090
050-090-04,PADER,050-090
050-090-05,LUNYIRI,050-090
050-090-07,PURANGA,050-090
050-090-08,PADER TOWN COUNCIL,050-090
050-090-12,OGOM,050-090
050-090-14,PURANGA TOWN COUNCIL,050-090
050-243-01,ACHOLI-BUR,050-243
050-243-02,ATANGA,050-243
050-243-03,POROGALI,050-243
050-243-04,PAIULA,050-243
050-243-05,PAJULE,050-243
050-243-06,LAGUTI,050-243
050-243-07,AJAN,050-243
050-243-08,BONGTIKO,050-243
050-243-09,LAPUL,050-243
050-243-10,ANGAGURA,050-243
050-243-11,LATANYA,050-243
050-243-12,ATANGA TOWN COUNCIL,050-243
050-243-13,PAJULE TOWN COUNCIL,050-243
050-243-14,ACHOLI_BUR TOWN COUNCIL,050-243
057-102-01,NAMASALE,057-102
057-102-02,MUNTU,057-102
057-102-05,AMOLATAR TOWN COUNCIL,057-102
057-102-07,AGWINGIRI,057-102
057-102-11,NAMASALE TOWN COUNCIL,057-102
057-102-14,ACII,057-102
057-102-15,NALUBWOYO,057-102
057-319-03,APUTI,057-319
057-319-04,AWELLO,057-319
057-319-06,AGIKDAK,057-319
057-319-08,AKWON,057-319
057-319-09,ARWOTCEK,057-319
057-319-10,ETAM,057-319
057-319-12,ETAM TOWN COUNCIL,057-319
057-319-13,ABEJA,057-319
057-319-16,OPALI,057-319
071-024-01,AMURU,071-024
071-024-02,LAKANG,071-024
071-024-03,LAMOGI,071-024
071-024-04,LAYIMA,071-024
071-024-05,AMURU TOWN COUNCIL,071-024
071-024-06,GURU GURU,071-024
071-265-01,ELEGU TOWN COUNCIL,071-265
071-265-02,ATIAK,071-265
071-265-03,ATIAK TOWN COUNCIL,071-265
071-265-04,PABBO,071-265
071-265-05,PABBO TOWN COUNCIL,071-265
071-265-06,OPARA,071-265
071-265-07,POGO,071-265
074-099-01,AGWATTA,074-099
074-099-02,BATTA,074-099
074-099-03,DOKOLO,074-099
074-099-08,ADOK,074-099
074-099-09,AMWOMA,074-099
074-099-10,OKWALONGWEN,074-099
074-099-12,AGWATTA TOWN COUNCIL,074-099
074-099-13,BATTA TOWN COUNCIL,074-099
074-252-01,KANGAI TOWN COUNCIL,074-252
074-252-04,KANGAI,074-252
074-252-05,KWERA,074-252
074-252-06,DOKOLO TOWN COUNCIL,074-252
074-252-07,ADEKNINO,074-252
074-252-11,OKWONGODUL,074-252
076-004-01,ACHABA,076-004
076-004-02,ICHEME,076-004
076-004-03,NGAI,076-004
076-004-04,OTWAL,076-004
076-004-05,OYAM TOWN COUNCIL,076-004
076-004-06,ALEKA,076-004
076-004-07,ABOK,076-004
076-004-08,ICHEME TOWN COUNCIL,076-004
076-005-01,ABER,076-005
076-005-02,LORO,076-005
076-005-03,MINAKULU,076-005
076-005-04,KAMDINI,076-005
076-005-05,MYENE,076-005
076-005-06,KAMDINI TOWN COUNCIL,076-005
076-005-07,LORO TOWN COUNCIL,076-005
076-005-08,MINAKULU TOWN COUNCIL,076-005
085-092-01,AGORO,085-092
085-092-02,LOKUNG,085-092
085-092-03,MADI-OPEI,085-092
085-092-04,PADIBE EAST,085-092
085-092-07,PALOGA,085-092
085-092-08,PADIBE WEST,085-092
085-092-10,LAMWO TOWN COUNCIL,085-092
085-092-11,PADIBE TOWN COUNCIL,085-092
085-092-12,POTIKA,085-092
085-092-15,ACEBA,085-092
085-092-16,KATUM,085-092
085-092-17,LOKUNG EAST,085-092
085-092-18,MADI-OPEI TOWN COUNCIL,085-092
085-312-05,PALABEK-GEM,085-312
085-312-06,PALABEK-KAL,085-312
085-312-09,OGILI,085-312
085-312-13,PALABEK ABERA,085-312
085-312-14,PALABEK NYIMUR,085-312
085-312-19,PALABEK KAL TOWN COUNCIL,085-312
086-104-01,ADWARI,086-104
086-104-02,OKWANG,086-104
086-104-07,ADWARI TOWN COUNCIL,086-104
086-104-09,BARJOBI,086-104
086-104-10,ALANGO,086-104
086-104-11,BARJOBI TOWN COUNCIL,086-104
086-104-12,OKWONGO TOWN COUNCIL,086-104
086-104-14,OKWANG TOWN COUNCIL,086-104
086-323-03,OLILIM,086-323
086-323-04,ORUM,086-323
086-323-05,OGOR,086-323
086-323-06,OTUKE TOWN COUNCIL,086-323
086-323-08,OGWETTE,086-323
086-323-13,OLILIM TOWN COUNCIL,086-323
088-103-01,APALA,088-103
088-103-02,ALEBTONG TOWN COUNCIL,088-103
088-103-03,ALOI,088-103
088-103-04,APALA TOWN COUNCIL,088-103
088-103-06,ABIA,088-103
088-103-07,AKURA,088-103
088-103-08,ALOI TOWN COUNCIL,088-103
088-216-01,AMUGU TOWN COUNCIL,088-216
088-216-02,AMUGU,088-216
088-216-03,ADWIR,088-216
088-216-04,ABAKO,088-216
088-216-05,OMORO,088-216
088-216-06,ANGETTA,088-216
088-216-08,AWEI,088-216
004-018-01,BUMBAIRE,004-018
004-018-02,KYABUGIMBI,004-018
004-018-03,KYEIZOOBA,004-018
004-018-04,KYABUGIMBI TOWN COUNCIL,004-018
004-018-05,IBAARE,004-018
004-018-06,RUHUMURO,004-018
004-018-07,RWENTUHA TOWN COUNCIL,004-018
004-019-01,KYAMUHUNGA TOWN,004-019
004-019-02,KAKANJU,004-019
004-019-03,KYAMUHUNGA,004-019
004-019-04,NYABUBARE,004-019
004-019-05,BITOOMA TOWN COUNCIL,004-019
004-019-06,KIZINDA TOWN COUNCIL,004-019
004-019-07,NKANGA,004-019
004-225-01,CENTRAL DIVISION,004-225
004-225-02,ISHAKA DIVISION,004-225
004-225-03,NYAKABIRIZI DIVISION,004-225
009-045-01,BUHARA,009-045
009-045-02,KAHARO,009-045
009-045-03,KYANAMIRA,009-045
009-045-04,MAZIBA,009-045
009-046-01,KAMUGANGUZI,009-046
009-046-02,KITUMBA,009-046
009-046-03,RUBAYA,009-046
009-046-04,BUTANDA,009-046
009-046-05,KATUNA TOWN COUNCIL,009-046
009-046-06,RYAKARIMIRA TOWN COUNCIL,009-046
009-046-07,KIBUGA,009-046
009-046-08,KAHUNGYE,009-046
009-050-01,KABALE CENTRAL,009-050
009-050-02,KABALE NORTHERN,009-050
009-050-03,KABALE SOUTHERN,009-050
101-021-02,KIGARAMA,101-021
101-021-03,KYANGYENYI,101-021
101-021-05,MASHERUKA,101-021
101-021-07,MASHERUKA TOWN COUNCIL,101-021
101-021-08,KAKINDO TOWN COUNCIL,101-021
101-022-02,KITAGATA,101-022
101-022-03,SHUUKU TOWN COUNCIL,101-022
101-022-04,KASAANA,101-022
101-022-05,BUGONGI TOWN COUNCIL,101-022
101-022-06,RUGARAMA,101-022
101-022-07,KITAGATA TOWN COUNCIL,101-022
101-294-01,KABWOHE DIVISION,101-294
101-294-02,KAGANGO DIVISION,101-294
101-294-03,KASHOZI DIVISION,101-294
101-294-04,SHEEMA CENTRAL DIVISION,101-294
106-020-04,KASHENSHERO,106-020
106-020-06,MITOOMA,106-020
106-020-08,KATENGA,106-020
106-020-11,KASHENSHERO TOWN,106-020
106-020-12,MITOOMA TOWN COUNCIL,106-020
106-277-01,BITEREKO,106-277
106-277-02,RWOBURUNGA,106-277
106-277-03,KANYABWANGA,106-277
106-277-04,RUTOOKYE TOWN COUNCIL,106-277
106-277-05,KIYANGA,106-277
106-277-06,KIGYENDE,106-277
106-335-01,NYAKIZINGA,106-335
106-335-02,KABIRA,106-335
106-335-03,KABIRA TOWN COUNCIL,106-335
106-335-07,MUTARA,106-335
106-335-08,MUTARA TOWN COUNCIL,106-335
106-335-09,MAYANGA,106-335
106-335-10,RUREHE,106-335
109-016-03,KARUNGU,109-016
109-016-04,RWENGWE,109-016
109-016-05,BITSYA,109-016
109-016-08,NSIIKA TOWN COUNCIL,109-016
109-016-09,KASHENYI-KAJANI TOWN,109-016
109-016-13,BUHUNGA,109-016
109-304-01,BIHANGA,109-304
109-304-02,BURERE,109-304
109-304-06,ENGAJU,109-304
109-304-07,NYAKISHANA,109-304
109-304-10,NYAKAZIBA TOWN COUNCIL,109-304
109-304-11,NYAKASHAKA TOWN COUNCIL,109-304
109-304-12,KYAHENDA,109-304
109-304-14,RUBENGYE,109-304
112-017-01,RUBIRIZI TOWN COUNCIL,112-017
112-017-02,KATUNGURU,112-017
112-017-03,KICHWAMBA,112-017
112-017-04,RYERU,112-017
112-017-05,MAGAMBO,112-017
112-017-08,RUTOTO,112-017
112-222-01,KATERERA,112-222
112-222-06,KATANDA,112-222
112-222-07,KYABAKARA,112-222
112-222-09,KATERERA TOWN COUNCIL,112-222
112-222-10,KIRUGU,112-222
116-047-01,BUBARE,116-047
116-047-02,HAMURWA,116-047
116-047-03,HAMURWA TOWN COUNCIL,116-047
116-047-04,NYAMWEERU,116-047
116-047-05,BUBAARE TOWN COUNCIL,116-047
116-047-06,HAMUHAMBO TOWN COUNCIL,116-047
116-048-01,BUFUNDI,116-048
116-048-02,IKUMBA,116-048
116-048-03,MUKO,116-048
116-048-04,RUHIJA,116-048
116-048-05,RUBANDA TOWN COUNCIL,116-048
116-048-06,BUTARE-KATOJO TOWN,116-048
116-048-07,HABUHUTU-MUGYERA TOWN,116-048
116-048-08,KACERERE TOWN COUNCIL,116-048
116-048-09,KASHASHA TOWN COUNCIL,116-048
116-048-10,NSHANJARE TOWN COUNCIL,116-048
116-048-11,RUHIJA TOWN COUNCIL,116-048
122-049-01,BUKINDA,122-049
122-049-02,KAMWEZI,122-049
122-049-03,KASHAMBYA,122-049
122-049-04,RWAMUCUCU,122-049
122-049-05,MUHANGA TOWN COUNCIL,122-049
122-049-06,MPARO TOWN COUNCIL,122-049
131-141-01,BUREMBA TOWN COUNCIL,131-141
131-141-02,BURUNGA,131-141
131-141-03,KANONI,131-141
131-141-04,KAZO,131-141
131-141-05,RWEMIKOMA,131-141
131-141-06,ENGARI,131-141
131-141-07,NKUNGU,131-141
131-141-08,KAZO TOWN COUNCIL,131-141
131-141-09,KYAMPANGARA,131-141
131-141-10,MIGINA,131-141
135-143-04,NDEIJA,135-143
135-143-05,KINONI TOWN COUNCIL,135-143
135-143-06,RUGANDO,135-143
135-143-07,BUTERANIRO-NYEIHANGA,135-143
135-342-01,BUGAMBA,135-342
135-342-02,RWEIBOGO-KIBINGO TOWN,135-342
135-342-03,MWIZI,135-342
135-342-08,KABURA TOWN COUNCIL,135-342
140-144-01,MBARARA NORTH DIVISION,140-144
140-300-01,MBARARA SOUTH DIVISION,140-300
018-086-02,KANABA,018-086
018-086-03,MURORA,018-086
018-086-04,NYAKABANDE,018-086
018-086-06,CHAHAFI TOWN COUNCIL,018-086
018-087-01,BUSANZA,018-087
018-087-04,NYARUBUYE,018-087
018-087-06,MUPAKA TOWN COUNCIL,018-087
018-087-07,RUKUNDO TOWN COUNCIL,018-087
018-088-01,CHAHI,018-088
018-088-03,MURAMBA,018-088
018-088-04,NYAKINAMA,018-088
018-088-05,NYARUSIZA,018-088
018-088-06,CYANIKA TOWN COUNCIL,018-088
018-088-07,BUNAGANA TOWN COUNCIL,018-088
018-285-01,CENTRAL DIVISION,018-285
018-285-02,NORTH DIVISION,018-285
018-285-03,SOUTH DIVISION,018-285
018-310-01,BUKIMBIRI,018-310
018-310-02,KIRUNDO,018-310
018-310-03,NYABWISHENYA,018-310
018-310-04,RUBUGURI TOWN COUNCIL,018-310
018-310-05,NYUNDO,018-310
018-310-06,NYANAMO TOWN COUNCIL,018-310
018-310-07,NKURINGO TOWN COUNCIL,018-310
027-140-01,NYABISIRIRA TOWN COUNCIL,027-140
027-140-03,KAGONGI,027-140
027-140-05,KASHARE,027-140
027-140-07,RUBINDI,027-140
027-140-12,RUBINDI-RUHUMBA TOWN,027-140
027-259-01,BUBAARE,027-259
027-259-02,BUKIIRO,027-259
027-259-03,BWIZIBWERA-RUTOOMA,027-259
027-259-04,BUKIIRO TOWN COUNCIL,027-259
027-259-06,RUBAYA,027-259
027-259-08,RWANYAMAHEMBE TOWN,027-259
034-184-01,BWONGYERA,034-184
034-184-02,IHUNGA,034-184
034-184-03,KIBATSI,034-184
034-184-04,NYABIHOKO,034-184
034-184-05,RWASHAMAIRE TOWN,034-184
034-184-06,KAGARAMA TOWN COUNCIL,034-184
034-184-07,NYAMUNUKA TOWN COUNCIL,034-184
034-184-08,RWAMABONDO TOWN,034-184
034-184-09,NYABUSHENYI,034-184
034-185-01,NTUNGAMO,034-185
034-185-04,RUHAAMA,034-185
034-185-06,RWEIKINIRO,034-185
034-185-07,ITOJO,034-185
034-185-09,RUHAAMA EAST,034-185
034-185-10,KAFUNJO-MIRAMA TOWN,034-185
034-185-12,NYAMUKANA TOWN COUNCIL,034-185
034-185-13,NYARUTUNTU,034-185
034-185-15,KAKUKURU-RWENANURA,034-185
034-186-01,KAYONZA,034-186
034-186-02,NGOMA,034-186
034-186-03,RUBAARE,034-186
034-186-04,RUGARAMA,034-186
034-186-05,RUBAARE TOWN COUNCIL,034-186
034-186-06,RWENTOBO-RWAHI TOWN,034-186
034-186-07,RUGARAMA NORTH,034-186
034-232-01,EASTERN DIVISION,034-232
034-232-02,CENTRAL DIVISION,034-232
034-232-03,WESTERN DIVISION,034-232
034-324-02,KITWE TOWN COUNCIL,034-324
034-324-03,NYAKYERA,034-324
034-324-05,RUKONI WEST,034-324
034-324-08,RUKONI EAST,034-324
034-324-11,RWOHO TOWN COUNCIL,034-324
034-324-14,NYAKYERA TOWN COUNCIL,034-324
037-197-01,BUYANJA,037-197
037-197-02,KEBISONI,037-197
037-197-03,NYAKISHENYI,037-197
037-197-04,NYARUSHANJE,037-197
037-197-05,KEBISONI TOWN COUNCIL,037-197
037-197-06,BUYANJA TOWN COUNCIL,037-197
037-198-01,BUGANGARI,037-198
037-198-02,BUHUNGA,037-198
037-198-03,BWAMBARA,037-198
037-198-05,NYAKAGYEME,037-198
037-198-06,RUHINDA,037-198
037-198-07,RWERERE TOWN COUNCIL,037-198
037-198-08,BIKURUNGU TOWN COUNCIL,037-198
037-233-01,EASTERN DIVISION,037-233
037-233-02,SOUTHERN DIVISION,037-233
037-233-03,WESTERN DIVISION,037-233
055-195-01,KAMBUGA,055-195
055-195-02,KIRIMA,055-195
055-195-03,RUGYEYO,055-195
055-195-04,RUTENGA,055-195
055-195-05,KANUNGU TOWN COUNCIL,055-195
055-195-06,KATETE,055-195
055-195-07,KINAABA,055-195
055-195-08,KAMBUGA TOWN COUNCIL,055-195
055-195-09,NYAKABUNGO TOWN,055-195
055-195-10,RUTENGA TOWN COUNCIL,055-195
055-195-11,KIHANDA,055-195
055-195-12,BUGONGI,055-195
055-195-13,KAYUNGWE,055-195
055-196-01,KANYANTOROGO,055-196
055-196-02,KAYONZA,055-196
055-196-03,KIHIIHI,055-196
055-196-04,NYAMIRAMA,055-196
055-196-05,MPUNGU,055-196
055-196-06,KIHIIHI TOWN COUNCIL,055-196
055-196-07,NYAKINONI,055-196
055-196-08,NYANGA,055-196
055-196-09,BUTOGOTA TOWN COUNCIL,055-196
055-196-10,KYESHERO,055-196
055-196-11,BUHOMA TOWN COUNCIL,055-196
055-196-12,KANYANTOROGO TOWN,055-196
055-196-13,NYAMIRAMA TOWN COUNCIL,055-196
055-196-14,KIHEMBE,055-196
061-136-01,KANYARUGIRI TOWN COUNCIL,061-136
061-136-02,ISHONGORORO,061-136
061-136-03,NYAMAREBE,061-136
061-136-04,ISHONGORORO TOWN,061-136
061-136-06,KIJONGO,061-136
061-136-07,RUSHANGO TOWN COUNCIL,061-136
061-136-08,RWENKOBWA TOWN COUNCIL,061-136
061-137-02,KICUZI,061-137
061-137-03,KIKYENKYE,061-137
061-137-04,NYABUHIKYE,061-137
061-137-05,RUKIRI,061-137
061-137-06,KEIHANGARA,061-137
061-137-08,IGORORA TOWN COUNCIL,061-137
061-293-01,BISHESHE DIVISION,061-293
061-293-02,BUFUNDA DIVISION,061-293
061-293-03,KAGONGO DIVISION,061-293
062-135-01,ENDINZI,062-135
062-135-05,MBAARE,062-135
062-135-08,ENDIINZI TOWN COUNCIL,062-135
062-135-09,BUGANGO TOWN COUNCIL,062-135
062-135-10,RWANJOGYERA,062-135
062-138-01,BIRERE,062-138
062-138-02,KABINGO,062-138
062-138-03,MASHA,062-138
062-138-04,ISINGIRO TOWN COUNCIL,062-138
062-138-05,NYAMUYANJA,062-138
062-138-06,KABEREBERE TOWN COUNCIL,062-138
062-138-07,KAGARAMA,062-138
062-138-08,RWETANGO,062-138
062-139-02,KIKAGATE,062-139
062-139-03,NYAKITUNDA,062-139
062-139-07,KAMUBEIZI TOWN COUNCIL,062-139
062-139-08,KIKAGATE TOWN COUNCIL,062-139
062-139-09,NTUNGU,062-139
062-139-10,KAMUBEIZI,062-139
062-139-11,RUYANGA,062-139
062-305-02,KASHUMBA,062-305
062-305-03,NGARAMA,062-305
062-305-04,RUGAAGA,062-305
062-305-05,RUGAAGA TOWN COUNCIL,062-305
062-305-06,RUSHASHA,062-305
062-305-07,KAKAMBA,062-305
062-325-01,KABUYANDA,062-325
062-325-04,RUBOROGOTA,062-325
062-325-05,KABUYANDA TOWN COUNCIL,062-325
062-325-06,RUHIIRA TOWN COUNCIL,062-325
065-142-01,KANYARYERU,065-142
065-142-03,KENSHUNGA,065-142
065-142-04,KIKATSI,065-142
065-142-05,KINONI,065-142
065-142-06,NYAKASHASHARA,065-142
065-142-07,SANGA,065-142
065-142-08,KIRUHURA TOWN COUNCIL,065-142
065-142-09,RWENSHANDE,065-142
065-142-10,SANGA TOWN COUNCIL,065-142
065-142-11,RUSHERE TOWN COUNCIL,065-142
065-142-12,AKAYANJA,065-142
065-142-13,RWETAMU,065-142
065-260-02,KASHONGI,065-260
065-260-09,KITURA,065-260
002-012-01,AJIA,002-012
002-012-02,ARIVU,002-012
002-012-03,LOGIRI,002-012
002-012-04,VURRA,002-012
121-181-01,PAKWACH,121-181
121-181-02,PAKWACH TOWN COUNCIL,121-181
121-181-03,PANYANGO,121-181
121-181-04,PANYIMUR,121-181
121-181-05,WADELAI,121-181
121-181-06,ALWI,121-181
121-181-07,PANYIMUR TOWN COUNCIL,121-181
121-181-08,DEI,121-181
121-181-09,RAGEM,121-181
121-181-10,POKWERO,121-181
133-009-01,OFFAKA,133-009
133-009-03,OKOLLO,133-009
133-009-06,ULEPPI,133-009
133-009-07,OKOLLO TOWN COUNCIL,133-009
133-009-08,ANYIRIBU,133-009
133-269-01,INDE TOWN COUNCIL,133-269
133-269-02,OGOKO,133-269
133-269-03,RHINO CAMP TOWN COUNCIL,133-269
133-269-04,RHINO CAMP,133-269
133-269-05,RIGBO,133-269
133-269-09,PAWOR,133-269
133-269-10,EWANGA,133-269
134-152-01,ALIBA,134-152
134-152-02,GIMARA,134-152
134-152-03,ITULA,134-152
134-152-04,OBONGI TOWN COUNCIL,134-152
134-152-05,PALORINYA,134-152
134-152-06,EWAFA,134-152
136-007-01,AYIVU DIVISION,136-007
136-013-01,ARUA CENTRAL DIVISION,136-013
136-352-01,AYIVU DIVISION,136-352
143-011-01,AII-VU/AJIVU,143-011
143-011-02,BILEAFE,143-011
143-011-03,KATRINI,143-011
143-011-04,LEJU TOWN COUNCIL,143-011
143-279-04,OMUGO,143-279
143-279-05,ODUPI,143-279
143-279-06,URIAMA,143-279
029-153-01,DUFILE,029-153
029-153-02,LEFORI,029-153
029-153-03,METU,029-153
029-153-04,MOYO,029-153
029-153-05,MOYO TOWN COUNCIL,029-153
029-153-06,LAROPI,029-153
029-153-07,OTCE,029-153
029-153-08,ALURU,029-153
029-153-09,LAROPI TOWN COUNCIL,029-153
029-153-10,LEFORI TOWN COUNCIL,029-153
033-183-01,AKWORO,033-183
033-183-02,ERUSSI,033-183
033-183-03,KUCWINY,033-183
033-183-04,NEBBI,033-183
033-183-07,PAROMBO,033-183
033-183-08,ATEGO,033-183
033-183-09,NDHEW,033-183
033-183-10,PAROMBO TOWN COUNCIL,033-183
033-183-11,JUPANGIRA,033-183
033-183-12,ALALA,033-183
033-183-13,ACANA,033-183
033-183-14,PADWOT,033-183
033-183-15,NYARAVUR-ANGAL TOWN,033-183
033-292-01,ABINDU DIVISION,033-292
033-292-02,CENTRAL DIVISION,033-292
033-292-03,THATHA DIVISION,033-292
040-151-01,ADJUMANI TOWN COUNCIL,040-151
040-151-02,ADROPI,040-151
040-151-03,CIFORO,040-151
040-151-09,PACHARA,040-151
040-151-10,UKUSIJONI,040-151
040-239-01,PAKELE TOWN COUNCIL,040-239
040-239-04,DZAIPI,040-239
040-239-05,OFUA,040-239
040-239-06,PAKELE,040-239
040-239-07,ARINYAPI,040-239
040-239-08,ITIRIKWA,040-239
053-006-02,BIJO,053-006
053-006-03,KURU,053-006
053-006-07,YUMBE TOWN COUNCIL,053-006
053-006-09,KULULU,053-006
053-006-14,KURU TOWN COUNCIL,053-006
053-241-01,MIDIGO TOWN COUNCIL,053-241
053-241-02,KEI,053-241
053-241-03,ARILO,053-241
053-241-04,WANDI,053-241
053-241-05,LOBE TOWN COUNCIL,053-241
053-241-06,MIDIGO,053-241
053-241-12,KERWA,053-241
053-242-01,DRAJINI/ARAJIM,053-242
053-242-02,LODONGA TOWN COUNCIL,053-242
053-242-03,ODRAVU WEST,053-242
053-242-04,ODRAVU,053-242
053-242-05,ARAFA,053-242
053-242-09,KULIKULINGA TOWN COUNCIL,053-242
053-242-10,LODONGA,053-242
053-242-11,ARIWA,053-242
053-333-01,LORI,053-333
053-333-02,BARAKALA TOWN COUNCIL,053-333
053-333-04,ARIA,053-333
053-333-05,ROMOGI,053-333
053-333-08,APO,053-333
053-333-13,KOCHI,053-333
066-008-02,LOBULE,066-008
066-008-04,MIDIA,066-008
066-008-05,KULUBA,066-008
066-008-07,DRANYA,066-008
066-008-08,KERI TOWN COUNCIL,066-008
066-008-09,ORABA TOWN COUNCIL,066-008
066-266-03,LUDARA,066-266
066-266-06,ABUKU,066-266
066-287-01,NORTH DIVISION,066-287
066-287-02,SOUTH DIVISION,066-287
066-287-03,WESTERN DIVISION,066-287
077-010-01,KIJOMORO,077-010
077-010-02,OBIBA,077-010
077-010-03,AWIZIRU,077-010
077-010-04,OLUVU,077-010
077-010-05,OVUJO TOWN COUNCIL,077-010
077-010-06,OLUFE,077-010
077-010-07,OKOKORO TOWN COUNCIL,077-010
077-010-08,AGAII TOWN COUNCIL,077-010
077-272-01,AJIRA,077-272
077-272-02,NYADRI,077-272
077-272-03,OLEBA,077-272
077-272-04,PARANGA,077-272
077-272-05,YIVU,077-272
077-272-06,ALIKUA,077-272
077-272-07,TARA,077-272
077-272-08,MARACHA TOWN COUNCIL,077-272
077-272-09,NYADRI SOUTH,077-272
077-272-10,DRAMBU,077-272
077-272-11,OLEBA TOWN COUNCIL,077-272
087-182-02,JANGOKORO,087-182
087-182-04,NYAPEA,087-182
087-182-05,PAIDHA TOWN COUNCIL,087-182
087-182-07,PAIDHA,087-182
087-182-08,ABANGA,087-182
087-182-10,ZOMBO TOWN COUNCIL,087-182
087-182-11,PADEA TOWN COUNCIL,087-182
087-182-12,ATHUMA,087-182
087-275-01,ATYAK,087-275
087-275-02,ALANGI,087-275
087-275-03,KANGO,087-275
087-275-04,AKAA,087-275
087-275-06,ZEU,087-275
087-275-07,WARR TOWN COUNCIL,087-275
087-275-09,WARR,087-275
